train_loss,train_loss_step,val/mse,val_loss,train_loss_epoch,epoch,step,timestamp,checkpoint_dir_name,should_checkpoint,done,training_iteration,trial_id,date,time_this_iter_s,time_total_s,pid,hostname,node_ip,time_since_restore,iterations_since_restore,config/train_loop_config/warmup_epochs,config/train_loop_config/ffn_num_layers,config/train_loop_config/message_hidden_dim,config/train_loop_config/depth,config/train_loop_config/dropout,config/train_loop_config/init_lr_ratio,config/train_loop_config/final_lr_ratio,config/train_loop_config/batch_size,config/train_loop_config/ffn_hidden_dim,config/train_loop_config/max_lr,logdir
0.07416341453790665,0.06712456792593002,0.07986859232187271,0.07986859232187271,0.07416341453790665,25,1456,1763508775,checkpoint_000025,True,False,26,43d8c0a7,2025-11-18_23-32-55,6.068299770355225,175.96127247810364,1698453,gypsum-gpu181,10.100.31.81,175.96127247810364,26,12,1,2300,5,0.2,0.015350058323922984,0.2686346120241809,16,1700,0.0038657504949304593,43d8c0a7
0.08537198603153229,0.0867529809474945,0.07969537377357483,0.07969537377357483,0.08537198603153229,7,112,1763508661,checkpoint_000007,True,False,8,ad4ed625,2025-11-18_23-31-01,3.9473040103912354,50.19534516334534,1698548,gypsum-gpu181,10.100.31.81,50.19534516334534,8,73,2,1500,5,0.0,0.5420255208414504,0.01642599135140187,64,1500,0.0024317064078608927,ad4ed625
0.11379770189523697,0.0932845026254654,0.1254684329032898,0.1254684329032898,0.11379770189523697,199,800,1763509304,checkpoint_000199,True,False,200,71f3fc9f,2025-11-18_23-41-44,2.9780306816101074,615.2568714618683,1701187,gypsum-gpu181,10.100.31.81,615.2568714618683,200,4,1,1300,3,0.05,0.01807625731012587,0.06511652117588942,256,1300,0.00011354200216483246,71f3fc9f
0.05226121470332146,0.03846869617700577,0.06531688570976257,0.06531687825918198,0.05226121470332146,199,5600,1763509466,checkpoint_000199,True,False,200,75728cab,2025-11-18_23-44-26,3.261427879333496,659.0835461616516,1706502,gypsum-gpu181,10.100.31.81,659.0835461616516,200,91,1,600,3,0.35000000000000003,0.061153748243462945,0.07512125897822718,32,700,0.00022141880909514722,75728cab
0.005757184699177742,0.00674936268478632,0.07424160093069077,0.07424160093069077,0.005757184699177742,199,2800,1763510153,checkpoint_000199,True,False,200,ab0cc6c3,2025-11-18_23-55-54,3.2450456619262695,817.4017927646637,1742279,gypsum-gpu181,10.100.31.81,817.4017927646637,200,83,2,900,5,0.1,0.36738833057242587,0.016353190554889485,64,1400,0.006128972399315077,ab0cc6c3
0.001095548621378839,0.001260126824490726,0.06335888057947159,0.06335887312889099,0.001095548621378839,199,11200,1763511230,checkpoint_000199,True,False,200,70dd1cb8,2025-11-19_00-13-50,12.943645477294922,1732.9469237327576,1753019,gypsum-gpu181,10.100.31.81,1732.9469237327576,200,48,2,1300,6,0.0,0.021946359317642338,0.022221720404913138,16,1700,0.0003197990830689794,70dd1cb8
0.04748187214136124,0.04267113655805588,0.06888896971940994,0.06888897716999054,0.04748187214136124,199,800,1763512209,checkpoint_000199,True,False,200,c887d1ec,2025-11-19_00-30-10,8.144857406616211,2019.4633603096008,1783877,gypsum-gpu181,10.100.31.81,2019.4633603096008,200,64,2,1400,4,0.35000000000000003,0.13991517772339895,0.042169726361395536,256,2300,0.0002466137945092889,c887d1ec
0.0029587573371827602,0.0020532221533358097,0.07328423857688904,0.07328423857688904,0.0029587573371827602,199,2800,1763512670,checkpoint_000199,True,False,200,9b366d73,2025-11-19_00-37-50,9.698673009872437,1405.3279814720154,1808693,gypsum-gpu181,10.100.31.81,1405.3279814720154,200,71,2,600,5,0.0,0.06703960197018434,0.8792865174208353,64,2100,0.005188093658601662,9b366d73
0.0008823082898743451,0.0007261852151714265,0.07127683609724045,0.07127683609724045,0.0008823082898743451,199,800,1763513539,checkpoint_000199,True,False,200,aa3c3c79,2025-11-19_00-52-19,5.834880352020264,1294.9172689914703,1832773,gypsum-gpu181,10.100.31.81,1294.9172689914703,200,28,1,1900,5,0.0,0.026938625063762843,0.012697938374386151,256,400,0.009600415414503648,aa3c3c79
0.005818631965667009,0.004995943047106266,0.06410516053438187,0.06410516053438187,0.005818631965667009,199,11200,1763513579,checkpoint_000199,True,False,200,6f06caa4,2025-11-19_00-52-59,4.023916006088257,879.1890811920166,1845644,gypsum-gpu181,10.100.31.81,879.1890811920166,200,41,2,300,4,0.05,0.03115093613159889,0.03507113101335751,16,700,0.000881870950740583,6f06caa4
0.0007063915254548192,0.0013824172783643007,0.08207850158214569,0.08207850158214569,0.0007063915254548192,199,2800,1763515721,checkpoint_000199,True,False,200,5e9ed78b,2025-11-19_01-28-42,11.516653060913086,2145.9812998771667,1885032,gypsum-gpu181,10.100.31.81,2145.9812998771667,200,50,1,1900,4,0.0,0.19062047380510463,0.012976423029447038,64,2300,0.005397775403391675,5e9ed78b
0.0011165272444486618,0.0026361015625298023,0.06811665743589401,0.06811665743589401,0.0011165272444486618,199,5600,1763515738,checkpoint_000199,True,False,200,eda48701,2025-11-19_01-28-58,6.775218725204468,2130.700420856476,1886559,gypsum-gpu181,10.100.31.81,2130.700420856476,200,30,2,2200,4,0.0,0.2618913912917298,0.3267581227557168,32,300,0.0022115033272394305,eda48701
0.030731523409485817,0.029028531163930893,0.0676841214299202,0.0676841214299202,0.030731523409485817,199,1400,1763516775,checkpoint_000199,True,False,200,bdb67052,2025-11-19_01-46-15,9.344506978988647,1021.1149587631226,1935215,gypsum-gpu181,10.100.31.81,1021.1149587631226,200,50,2,1100,4,0.4,0.38680438251474486,0.21711506882709483,128,600,0.0004910275507234434,bdb67052
0.03210543841123581,0.021540729328989983,0.08151334524154663,0.08151334524154663,0.03210543841123581,87,1232,1763516806,checkpoint_000087,True,False,88,3e3d9d54,2025-11-19_01-46-46,8.204367876052856,1040.8065519332886,1935556,gypsum-gpu181,10.100.31.81,1040.8065519332886,88,3,2,2300,2,0.3,0.07068523003134888,0.011209522585777903,64,1400,0.002707486139269477,3e3d9d54
0.010030589997768402,0.008589092642068863,0.07069800794124603,0.07069800794124603,0.010030589997768402,199,2800,1763518461,checkpoint_000199,True,False,200,d7a9f716,2025-11-19_02-14-21,6.279454708099365,1654.327887058258,1965099,gypsum-gpu181,10.100.31.81,1654.327887058258,200,86,2,900,4,0.2,0.4020431849331807,0.6303801815612602,64,2000,0.0034431959924975364,d7a9f716
0.010608334094285965,0.006571816746145487,0.07860201597213745,0.07860203087329865,0.010608334094285965,198,5572,1763519580,checkpoint_000198,True,False,199,83061172,2025-11-19_02-33-00,17.19988179206848,2734.640242099762,1965927,gypsum-gpu181,10.100.31.81,2734.640242099762,199,38,2,2000,4,0.1,0.011627283085174672,0.49201634210439465,32,2300,0.004146096370159047,83061172
0.023189082741737366,0.023064024746418,0.06205464154481888,0.06205464154481888,0.023189082741737366,199,800,1763519592,checkpoint_000199,True,False,200,2f66f3dd,2025-11-19_02-33-12,4.761632919311523,1099.7280442714691,2004488,gypsum-gpu181,10.100.31.81,1099.7280442714691,200,42,2,400,6,0.0,0.6402844912019816,0.022480653045296686,256,1800,0.0006133113864228081,2f66f3dd
0.43191829323768616,0.3409145772457123,0.26753494143486023,0.26753494143486023,0.43191829323768616,7,112,1763519669,checkpoint_000007,True,False,8,8e1b9d7d,2025-11-19_02-34-29,4.8858983516693115,54.761770248413086,2034087,gypsum-gpu181,10.100.31.81,54.761770248413086,8,19,1,2300,3,0.0,0.1277605906233864,0.12435847096952482,64,600,0.00039956190086643976,8e1b9d7d
0.016581319272518158,0.02433386817574501,0.06882171332836151,0.06882171332836151,0.016581319272518158,199,5600,1763520369,checkpoint_000199,True,False,200,c7dfeec0,2025-11-19_02-46-09,3.5328147411346436,737.0998651981354,2034164,gypsum-gpu181,10.100.31.81,737.0998651981354,200,37,1,500,5,0.4,0.05678693896039821,0.015646923793365165,32,2200,0.002097525369866808,c7dfeec0
0.037639498710632324,0.039402075111866,0.08143329620361328,0.08143329620361328,0.037639498710632324,133,1876,1763520097,checkpoint_000133,True,False,134,ce0bb2a3,2025-11-19_02-41-37,2.9239840507507324,400.17817401885986,2036904,gypsum-gpu181,10.100.31.81,400.17817401885986,134,96,1,600,4,0.0,0.1720704297876481,0.27698392227486124,64,500,0.0003753968318214543,ce0bb2a3
0.014054542407393456,0.015744231641292572,0.0794002115726471,0.0794002115726471,0.014054542407393456,199,800,1763522099,checkpoint_000199,True,False,200,505feaff,2025-11-19_03-15-00,6.45058536529541,1967.7376999855042,2068720,gypsum-gpu181,10.100.31.81,1967.7376999855042,200,10,2,2000,4,0.0,0.37118128910202886,0.03767812674208911,256,1400,0.000443240141834771,505feaff
0.0017757988534867764,0.0018856327515095472,0.07910981774330139,0.07910981774330139,0.0017757988534867764,192,5404,1763522054,checkpoint_000192,True,False,193,872d4758,2025-11-19_03-14-14,7.956111192703247,1650.9050550460815,2079939,gypsum-gpu181,10.100.31.81,1650.9050550460815,193,55,2,1000,6,0.0,0.14290101860287793,0.44832854436499076,32,2100,0.008942243948162065,872d4758
0.000727702456060797,0.0019677085801959038,0.06437958031892776,0.06437957286834717,0.000727702456060797,199,5600,1763523849,checkpoint_000199,True,False,200,bd8985d8,2025-11-19_03-44-09,8.004169702529907,1755.5524396896362,2120866,gypsum-gpu181,10.100.31.81,1755.5524396896362,200,11,1,1800,3,0.0,0.037751703726812434,0.06820138495896282,32,2100,0.005170171187308108,bd8985d8
0.017510592937469482,0.016195718199014664,0.06727299839258194,0.06727301329374313,0.017510592937469482,199,800,1763522709,checkpoint_000199,True,False,200,36d84f53,2025-11-19_03-25-09,2.40325927734375,588.7875409126282,2121806,gypsum-gpu181,10.100.31.81,588.7875409126282,200,93,1,500,3,0.15000000000000002,0.8406081742227066,0.06607336324355786,256,600,0.005595669736458433,36d84f53
0.008083981461822987,0.0059486073441803455,0.07924626022577286,0.07924625277519226,0.008083981461822987,199,1400,1763524684,checkpoint_000199,True,False,200,f0a193d3,2025-11-19_03-58-05,13.55876636505127,1943.1701033115387,2150740,gypsum-gpu181,10.100.31.81,1943.1701033115387,200,58,1,2000,5,0.2,0.03899161745429787,0.48233077314690415,128,1500,0.000889685203838667,f0a193d3
0.007180952001363039,0.005876419600099325,0.06466390937566757,0.06466390937566757,0.007180952001363039,199,2800,1763525765,checkpoint_000199,True,False,200,23db4eb4,2025-11-19_04-16-06,7.310839414596558,1877.552451133728,2178008,gypsum-gpu181,10.100.31.81,1877.552451133728,200,7,1,1900,5,0.15000000000000002,0.02376605132997447,0.020617943933616777,64,900,0.0021177681384471334,23db4eb4
0.045422639697790146,0.03525720536708832,0.07340087741613388,0.07340087741613388,0.045422639697790146,76,308,1763525788,checkpoint_000076,True,False,77,afb2f980,2025-11-19_04-16-28,8.818928956985474,1073.042560338974,2196288,gypsum-gpu181,10.100.31.81,1073.042560338974,77,41,2,2200,3,0.35000000000000003,0.7551338232782624,0.010229952030915476,256,1800,0.0002843031285297491,afb2f980
0.15465062856674194,0.06903128325939178,0.14484712481498718,0.14484712481498718,0.15465062856674194,10,616,1763525891,checkpoint_000010,True,False,11,fbaab025,2025-11-19_04-18-11,8.020096063613892,102.66487884521484,2217508,gypsum-gpu181,10.100.31.81,102.66487884521484,11,59,2,900,5,0.0,0.04525293981105903,0.6563220156038582,16,2300,0.0006255037625662616,fbaab025
0.20674702525138855,0.19599120318889618,0.18565653264522552,0.18565653264522552,0.20674702525138855,17,252,1763525927,checkpoint_000017,True,False,18,f440b006,2025-11-19_04-18-47,3.5709972381591797,111.05069303512573,2218236,gypsum-gpu181,10.100.31.81,111.05069303512573,18,87,2,800,3,0.0,0.06518109753209103,0.010506319435427817,64,1800,0.0004432156382339275,f440b006
0.02769756130874157,0.027557531371712685,0.06292536109685898,0.06292535364627838,0.02769756130874157,199,2800,1763527023,checkpoint_000199,True,False,200,413d4739,2025-11-19_04-37-03,4.511101245880127,1097.8890371322632,2221624,gypsum-gpu181,10.100.31.81,1097.8890371322632,200,84,2,800,3,0.0,0.15721355409273213,0.11501378139544864,64,1300,0.00014844209921492194,413d4739
0.014159006997942924,0.010869491845369339,0.06875364482402802,0.06875363737344742,0.014159006997942924,107,756,1763527058,checkpoint_000107,True,False,108,efa81940,2025-11-19_04-37-38,6.501230239868164,1106.083604335785,2222738,gypsum-gpu181,10.100.31.81,1106.083604335785,108,19,1,2000,6,0.2,0.17223313498593049,0.8884460682405527,128,2200,0.000719155282459956,efa81940
0.5147826075553894,0.5746538043022156,0.26885145902633667,0.26885145902633667,0.5147826075553894,6,28,1763527082,checkpoint_000006,True,False,7,186c9012,2025-11-19_04-38-02,3.7570714950561523,36.994730949401855,2256526,gypsum-gpu181,10.100.31.81,36.994730949401855,7,69,1,1100,4,0.4,0.5420693592244334,0.11680412247306278,256,1300,0.003110335963210184,186c9012
0.21843108534812927,0.22977811098098755,0.19884848594665527,0.19884848594665527,0.21843108534812927,16,238,1763527165,checkpoint_000016,True,False,17,ab370431,2025-11-19_04-39-25,4.468101501464844,91.5767982006073,2257295,gypsum-gpu181,10.100.31.81,91.5767982006073,17,82,2,1300,4,0.2,0.06211564648914589,0.2712352200101254,64,800,0.0004182362644762536,ab370431
0.03423961251974106,0.03611624985933304,0.06326122581958771,0.06326122581958771,0.03423961251974106,199,2800,1763527731,checkpoint_000199,True,False,200,277c9c68,2025-11-19_04-48-51,6.415088891983032,621.5343673229218,2258407,gypsum-gpu181,10.100.31.81,621.5343673229218,200,23,1,400,3,0.0,0.012717146167328426,0.05542035340736248,64,1500,0.00038889110562224623,277c9c68
0.07166165113449097,0.048830412328243256,0.08970391005277634,0.08970391005277634,0.07166165113449097,199,800,1763529199,checkpoint_000199,True,False,200,bb9ce2fe,2025-11-19_05-13-19,8.449472904205322,2002.3993473052979,2262650,gypsum-gpu181,10.100.31.81,2002.3993473052979,200,55,1,2100,3,0.2,0.19140541939049863,0.02908870539848528,256,1300,0.00015027137020187677,bb9ce2fe
0.0013841262552887201,0.0011776352766901255,0.10307624191045761,0.10307623445987701,0.0013841262552887201,199,800,1763530497,checkpoint_000199,True,False,200,8302e429,2025-11-19_05-34-57,15.80050539970398,2730.9478843212128,2289469,gypsum-gpu181,10.100.31.81,2730.9478843212128,200,20,2,2400,4,0.0,0.08869012758676156,0.01382806898194014,256,1300,0.004783506135960282,8302e429
0.0035512512549757957,0.002479399088770151,0.07030875980854034,0.07030875980854034,0.0035512512549757957,121,3416,1763530532,checkpoint_000121,True,False,122,de38ae1f,2025-11-19_05-35-32,5.704632520675659,1298.8359637260437,2312496,gypsum-gpu181,10.100.31.81,1298.8359637260437,122,70,2,1800,4,0.0,0.2617548652730619,0.4166596782694961,32,1500,0.005779197832376947,de38ae1f
0.07509521394968033,0.10120810568332672,0.0743037760257721,0.0743037685751915,0.07509521394968033,39,1120,1763530926,checkpoint_000039,True,False,40,99f469c7,2025-11-19_05-42-07,4.934619188308716,401.3650028705597,2337591,gypsum-gpu181,10.100.31.81,401.3650028705597,40,26,1,2100,6,0.1,0.22368777656527336,0.0798471603038746,32,1400,0.00010541749956363284,99f469c7
0.5034568309783936,0.4071125090122223,0.42505714297294617,0.42505714297294617,0.5034568309783936,7,56,1763530611,checkpoint_000007,True,False,8,fe808b66,2025-11-19_05-36-51,5.062397480010986,58.73003792762756,2338740,gypsum-gpu181,10.100.31.81,58.73003792762756,8,72,2,1400,2,0.3,0.06577839256489168,0.517434547072615,128,700,0.0012855632895593316,fe808b66
0.07789482176303864,0.06967421621084213,0.10450416058301926,0.10450415313243866,0.07789482176303864,34,980,1763530893,checkpoint_000034,True,False,35,895e8be7,2025-11-19_05-41-33,5.049288272857666,255.77188849449158,2341022,gypsum-gpu181,10.100.31.81,255.77188849449158,35,10,1,1300,3,0.0,0.03134453565061461,0.02837069497479074,32,2100,0.00010007770422185585,895e8be7
0.0300594549626112,0.020835522562265396,0.06365099549293518,0.06365099549293518,0.0300594549626112,199,5600,1763532124,checkpoint_000199,True,False,200,5d47c0fe,2025-11-19_06-02-04,4.923421382904053,1196.6407148838043,2349549,gypsum-gpu181,10.100.31.81,1196.6407148838043,200,96,1,1200,2,0.0,0.09024916952515598,0.017463948546098416,32,1700,0.0002259654736559139,5d47c0fe
0.0029478834476321936,0.003122739028185606,0.09293826669454575,0.09293826669454575,0.0029478834476321936,199,2800,1763532138,checkpoint_000199,True,False,200,1e3d6eaf,2025-11-19_06-02-18,8.592120885848999,1180.4544801712036,2350567,gypsum-gpu181,10.100.31.81,1180.4544801712036,200,54,1,1700,3,0.0,0.04410104474956476,0.07496238019763413,64,300,0.0020197746041541232,1e3d6eaf
0.005212240852415562,0.00519986916333437,0.08521802723407745,0.08521802723407745,0.005212240852415562,199,5600,1763533397,checkpoint_000199,True,False,200,df01fafe,2025-11-19_06-23-17,6.224045515060425,1240.0110008716583,2399760,gypsum-gpu181,10.100.31.81,1240.0110008716583,200,90,1,1300,4,0.05,0.7335380673066348,0.8400794720187718,32,800,0.0003528397807167581,df01fafe
0.0117257758975029,0.011555088683962822,0.07244502753019333,0.07244502007961273,0.0117257758975029,199,5600,1763534278,checkpoint_000199,True,False,200,efa4163c,2025-11-19_06-37-59,9.556493759155273,2106.5718207359314,2400047,gypsum-gpu181,10.100.31.81,2106.5718207359314,200,46,1,2100,5,0.4,0.6855682233668623,0.03188240628130629,32,1900,0.00025082879212669684,efa4163c
0.014217677526175976,0.015680912882089615,0.07907342165708542,0.07907342165708542,0.014217677526175976,199,800,1763534444,checkpoint_000199,True,False,200,ac4789ff,2025-11-19_06-40-44,3.288832426071167,1017.69273686409,2441845,gypsum-gpu181,10.100.31.81,1017.69273686409,200,30,1,1200,5,0.3,0.028167486088635476,0.10322535652797084,256,800,0.0026182210694641467,ac4789ff
0.017401553690433502,0.020995821803808212,0.0802236795425415,0.0802236795425415,0.017401553690433502,199,800,1763535434,checkpoint_000199,True,False,200,03dc26a0,2025-11-19_06-57-14,5.026501893997192,1124.449612379074,2468647,gypsum-gpu181,10.100.31.81,1124.449612379074,200,75,1,1200,4,0.35000000000000003,0.0209610716825527,0.21881279384424715,256,1300,0.0018715786086655672,03dc26a0
0.0009910855442285538,0.0017329396214336157,0.06344922631978989,0.06344922631978989,0.0009910855442285538,199,5600,1763537487,checkpoint_000199,True,False,200,8f716185,2025-11-19_07-31-27,18.759433269500732,3004.1323363780975,2474627,gypsum-gpu181,10.100.31.81,3004.1323363780975,200,55,2,2100,3,0.0,0.7445982569151343,0.17552972578678436,32,2400,0.00136411245413469,8f716185
0.0083680534735322,0.008028742857277393,0.07633596658706665,0.07633596658706665,0.0083680534735322,168,4732,1763537523,checkpoint_000168,True,False,169,b47c5ab1,2025-11-19_07-32-03,6.00601601600647,2056.864570379257,2499648,gypsum-gpu181,10.100.31.81,2056.864570379257,169,58,2,1800,5,0.35000000000000003,0.1527307485609497,0.11815621084151694,32,2000,0.0005947626855763684,b47c5ab1
0.00032046501291915774,0.0004331181407906115,0.07002716511487961,0.07002716511487961,0.00032046501291915774,199,2800,1763539255,checkpoint_000199,True,False,200,64a42630,2025-11-19_08-00-56,7.296053409576416,1730.803195476532,2539314,gypsum-gpu181,10.100.31.81,1730.803195476532,200,45,1,1800,6,0.0,0.1932113101590144,0.1522905311652806,64,1100,0.0013297753540217462,64a42630
0.007396694738417864,0.010365610010921955,0.07440592348575592,0.07440592348575592,0.007396694738417864,199,5600,1763539445,checkpoint_000199,True,False,200,5cfb1133,2025-11-19_08-04-05,6.751519203186035,1889.5022127628326,2540185,gypsum-gpu181,10.100.31.81,1889.5022127628326,200,77,2,1500,2,0.0,0.06605607672321322,0.0730967989115941,32,1700,0.00025641612499447146,5cfb1133
0.02293987199664116,0.02554025687277317,0.07725689560174942,0.07725689560174942,0.02293987199664116,199,5600,1763540705,checkpoint_000199,True,False,200,7765c2be,2025-11-19_08-25-05,5.332288980484009,1416.580620765686,2586574,gypsum-gpu181,10.100.31.81,1416.580620765686,200,18,1,1500,4,0.25,0.041654197531872675,0.652744584297665,32,1100,0.00012286302122987725,7765c2be
0.00571457389742136,0.004257597029209137,0.06415241956710815,0.06415242701768875,0.00571457389742136,199,2800,1763540977,checkpoint_000199,True,False,200,9fb45069,2025-11-19_08-29-37,6.154212713241577,1495.9981217384338,2592651,gypsum-gpu181,10.100.31.81,1495.9981217384338,200,62,2,1600,4,0.15000000000000002,0.608943366433319,0.0264042639584858,64,1000,0.0007560973956678509,9fb45069
0.008623193018138409,0.008610529825091362,0.08054577559232712,0.08054577559232712,0.008623193018138409,199,800,1763543393,checkpoint_000199,True,False,200,cbff0b8a,2025-11-19_09-09-53,17.190921545028687,2647.3417434692383,2635489,gypsum-gpu181,10.100.31.81,2647.3417434692383,200,58,2,2400,5,0.0,0.0254424784122926,0.10200922431591174,256,1400,0.00044746471230842796,cbff0b8a
0.04983613267540932,0.04566224664449692,0.0832156240940094,0.0832156240940094,0.04983613267540932,66,268,1763541654,checkpoint_000066,True,False,67,8fcad485,2025-11-19_08-40-54,15.08995509147644,648.8595488071442,2641061,gypsum-gpu181,10.100.31.81,648.8595488071442,67,61,1,2100,5,0.4,0.012306996711338766,0.17396232482570778,256,900,0.006432556639945765,8fcad485
0.05373844876885414,0.04914378002285957,0.07318463921546936,0.07318463921546936,0.05373844876885414,199,800,1763544093,checkpoint_000199,True,False,200,2cfa037a,2025-11-19_09-21-33,11.137631177902222,2397.876847743988,2652531,gypsum-gpu181,10.100.31.81,2397.876847743988,200,86,2,2100,2,0.15000000000000002,0.03120297785266212,0.014773803572345931,256,1700,0.0001749721019087931,2cfa037a
0.019677966833114624,0.01750478707253933,0.06983321905136108,0.06983321905136108,0.019677966833114624,199,1400,1763545015,checkpoint_000199,True,False,200,d10fd0c6,2025-11-19_09-36-56,5.4588165283203125,1583.9400742053986,2677773,gypsum-gpu181,10.100.31.81,1583.9400742053986,200,93,2,1900,3,0.0,0.012762550760513166,0.01122956502079876,128,1300,0.00030830623681664057,d10fd0c6
0.0006307577714323997,0.0006285986746661365,0.07460664957761765,0.07460664212703705,0.0006307577714323997,199,1400,1763545277,checkpoint_000199,True,False,200,c58125f7,2025-11-19_09-41-17,4.072143077850342,1143.173280954361,2690565,gypsum-gpu181,10.100.31.81,1143.173280954361,200,40,1,1400,5,0.0,0.014344961501402383,0.03215661638711868,128,1900,0.00481176342405285,c58125f7
0.05829697102308273,0.047926194965839386,0.07615422457456589,0.07615422457456589,0.05829697102308273,199,1400,1763546683,checkpoint_000199,True,False,200,0ebe281a,2025-11-19_10-04-44,13.185602903366089,1631.042730808258,2719513,gypsum-gpu181,10.100.31.81,1631.042730808258,200,86,1,1900,3,0.0,0.010319641073669977,0.021920084786728584,128,1300,0.00011381583294454103,0ebe281a
0.022654645144939423,0.02806786820292473,0.07967806607484818,0.07967806607484818,0.022654645144939423,117,1652,1763545954,checkpoint_000117,True,False,118,894bdcf6,2025-11-19_09-52-34,4.95837664604187,647.6484825611115,2726844,gypsum-gpu181,10.100.31.81,647.6484825611115,118,14,2,500,6,0.35000000000000003,0.019050778553260053,0.033064373563520134,64,1700,0.0033445724506721056,894bdcf6
0.010183232836425304,0.008510720916092396,0.0895584300160408,0.0895584374666214,0.010183232836425304,199,800,1763547518,checkpoint_000199,True,False,200,8391606f,2025-11-19_10-18-39,7.719980955123901,1529.445554971695,2749451,gypsum-gpu181,10.100.31.81,1529.445554971695,200,58,1,1800,4,0.05,0.04638783223350383,0.08376915722137084,256,1500,0.0010573376044838163,8391606f
0.08618618547916412,0.09448648989200592,0.07717425376176834,0.07717425376176834,0.08618618547916412,187,1316,1763547434,checkpoint_000187,True,False,188,203ee104,2025-11-19_10-17-14,3.4546802043914795,720.674553155899,2764652,gypsum-gpu181,10.100.31.81,720.674553155899,188,83,1,600,6,0.15000000000000002,0.3228620953211295,0.043294677319195445,128,1900,0.0001064067843405875,203ee104
0.012219525873661041,0.010309753008186817,0.08229289203882217,0.08229289203882217,0.012219525873661041,199,5600,1763549164,checkpoint_000199,True,False,200,9335d540,2025-11-19_10-46-04,7.47773814201355,1695.0816583633423,2793894,gypsum-gpu181,10.100.31.81,1695.0816583633423,200,16,2,1900,5,0.2,0.06955614783386216,0.14478575048472495,32,1200,0.005257680697842348,9335d540
0.11534544825553894,0.04851533845067024,0.10430383682250977,0.10430382937192917,0.11534544825553894,46,2632,1763547944,checkpoint_000046,True,False,47,c94dc5a3,2025-11-19_10-25-44,7.554831504821777,398.0674967765808,2795854,gypsum-gpu181,10.100.31.81,398.0674967765808,47,86,2,1400,4,0.2,0.03114868898264961,0.03284708391112032,16,1200,0.006135938496120416,c94dc5a3
0.001595701789483428,0.0032484044786542654,0.07320217043161392,0.07320217043161392,0.001595701789483428,199,11200,1763549433,checkpoint_000199,True,False,200,93e7e991,2025-11-19_10-50-34,4.818136930465698,1448.9525752067566,2808381,gypsum-gpu181,10.100.31.81,1448.9525752067566,200,79,1,1600,6,0.0,0.5119375009287981,0.37712409393715385,16,1400,0.004011120384804886,93e7e991
0.018397266045212746,0.021305598318576813,0.07457795739173889,0.07457795739173889,0.018397266045212746,199,2800,1763549953,checkpoint_000199,True,False,200,233db92f,2025-11-19_10-59-13,3.1550393104553223,755.3764028549194,2849050,gypsum-gpu181,10.100.31.81,755.3764028549194,200,33,2,500,4,0.35000000000000003,0.04949154653017048,0.01790233746512545,64,1800,0.006049485537108195,233db92f
0.05088341236114502,0.01736849918961525,0.07689230144023895,0.07689230144023895,0.05088341236114502,199,5600,1763550091,checkpoint_000199,True,False,200,918e5c5f,2025-11-19_11-01-31,3.7845773696899414,629.2391304969788,2862918,gypsum-gpu181,10.100.31.81,629.2391304969788,200,75,1,600,2,0.05,0.0165178785616197,0.7082915142620524,32,400,0.0001882727085530916,918e5c5f
0.027239926159381866,0.019789431244134903,0.0640987977385521,0.0640987977385521,0.027239926159381866,199,11200,1763550943,checkpoint_000199,True,False,200,28494656,2025-11-19_11-15-43,4.749981880187988,960.0573506355286,2899218,gypsum-gpu181,10.100.31.81,960.0573506355286,200,65,1,800,3,0.3,0.01863488288846343,0.06268110483684347,16,1300,0.00022912132616922492,28494656
0.007099697832018137,0.006519570481032133,0.08910820633172989,0.08910820633172989,0.007099697832018137,103,5824,1763550974,checkpoint_000103,True,False,104,907e55f3,2025-11-19_11-16-14,10.145654916763306,855.6595664024353,2908288,gypsum-gpu181,10.100.31.81,855.6595664024353,104,35,1,2300,6,0.0,0.013709402694797413,0.6825826346577292,16,1700,0.002001709133228716,907e55f3
0.003817859571427107,0.0031735191587358713,0.07786476612091064,0.07786478847265244,0.003817859571427107,199,1400,1763552389,checkpoint_000199,True,False,200,445d7fdb,2025-11-19_11-39-49,12.412872552871704,1413.3088119029999,2946141,gypsum-gpu181,10.100.31.81,1413.3088119029999,200,62,1,1400,6,0.05,0.08020700823216355,0.07792828495251047,128,1200,0.0015021663270642295,445d7fdb
0.001685681170783937,0.0024037195835262537,0.06891866028308868,0.06891866028308868,0.001685681170783937,126,889,1763552424,checkpoint_000126,True,False,127,3fd1bdd8,2025-11-19_11-40-25,7.2107861042022705,1418.304984331131,2947083,gypsum-gpu181,10.100.31.81,1418.304984331131,127,70,2,1900,4,0.0,0.019507863683972303,0.011272606277111047,128,1700,0.005282500236906916,3fd1bdd8
0.09257849305868149,0.1432686150074005,0.1145898848772049,0.1145898699760437,0.09257849305868149,54,220,1763553094,checkpoint_000054,True,False,55,70e974d2,2025-11-19_11-51-34,12.95965027809143,676.7274439334869,2978915,gypsum-gpu181,10.100.31.81,676.7274439334869,55,78,1,2200,4,0.0,0.09495457197457388,0.7569983525234623,256,500,0.0038686040131522027,70e974d2
0.017567738890647888,0.010461751371622086,0.06898841261863708,0.06898841261863708,0.017567738890647888,51,1456,1763553064,checkpoint_000051,True,False,52,1c2a0db4,2025-11-19_11-51-04,10.111928701400757,607.7940526008606,2979836,gypsum-gpu181,10.100.31.81,607.7940526008606,52,36,2,1000,3,0.0,0.2821927669734689,0.03597029145068741,32,2100,0.001860791133393327,1c2a0db4
0.0025321177672594786,0.0010325150797143579,0.07464612275362015,0.07464611530303955,0.0025321177672594786,199,5600,1763554032,checkpoint_000199,True,False,200,bb83f0ab,2025-11-19_12-07-12,3.184957504272461,938.9158329963684,2991603,gypsum-gpu181,10.100.31.81,938.9158329963684,200,62,1,300,6,0.0,0.017927686255797947,0.5868908246897637,32,1800,0.0009039753359559577,bb83f0ab
0.0245138481259346,0.020059801638126373,0.06969155371189117,0.06969155371189117,0.0245138481259346,100,1414,1763554070,checkpoint_000100,True,False,101,0fb82e62,2025-11-19_12-07-51,7.570184230804443,943.6353857517242,2992414,gypsum-gpu181,10.100.31.81,943.6353857517242,101,65,2,2100,6,0.35000000000000003,0.19990666704028756,0.04236253280353537,64,1200,0.0003283258870180838,0fb82e62
0.06400702893733978,0.0890737771987915,0.07754968106746674,0.07754968106746674,0.06400702893733978,26,1512,1763554225,checkpoint_000026,True,False,27,17ebc59e,2025-11-19_12-10-25,4.087573289871216,168.74013471603394,3029520,gypsum-gpu181,10.100.31.81,168.74013471603394,27,60,1,1300,4,0.0,0.07124182637320212,0.2053909903258264,16,500,0.008783466352505372,17ebc59e
0.28084495663642883,0.29180800914764404,0.19517478346824646,0.19517478346824646,0.28084495663642883,18,266,1763554191,checkpoint_000018,True,False,19,1b2ee856,2025-11-19_12-09-51,8.76599669456482,103.16098761558533,3030362,gypsum-gpu181,10.100.31.81,103.16098761558533,19,33,1,1300,3,0.25,0.020749475387583875,0.2967109820315636,64,300,0.00041953718678613446,1b2ee856
0.15139243006706238,0.2066575139760971,0.0933385118842125,0.0933385118842125,0.15139243006706238,21,88,1763554357,checkpoint_000021,True,False,22,7988e5a6,2025-11-19_12-12-38,5.210428953170776,142.13467073440552,3035673,gypsum-gpu181,10.100.31.81,142.13467073440552,22,23,2,1300,5,0.2,0.3951023246833332,0.4125961443108505,256,1500,0.0006513156924823242,7988e5a6
0.23891599476337433,0.26892533898353577,0.17096266150474548,0.17096266150474548,0.23891599476337433,15,112,1763554324,checkpoint_000015,True,False,16,954e3292,2025-11-19_12-12-04,2.3492484092712402,76.64905571937561,3037004,gypsum-gpu181,10.100.31.81,76.64905571937561,16,27,1,600,3,0.4,0.32107517800015706,0.013604979809202312,128,400,0.0013094559816979822,954e3292
0.025518499314785004,0.024593371897935867,0.0752464085817337,0.0752464085817337,0.025518499314785004,199,5600,1763555089,checkpoint_000199,True,False,200,0c48af70,2025-11-19_12-24-49,3.5908420085906982,736.8459465503693,3040492,gypsum-gpu181,10.100.31.81,736.8459465503693,200,31,1,300,4,0.0,0.02171543860240806,0.19236926959141432,32,400,0.00037549599339618513,0c48af70
0.0029806424863636494,0.003110286081209779,0.07888368517160416,0.07888368517160416,0.0029806424863636494,199,2800,1763556058,checkpoint_000199,True,False,200,48e7cfa9,2025-11-19_12-40-58,8.3948073387146,1667.6681985855103,3041384,gypsum-gpu181,10.100.31.81,1667.6681985855103,200,27,1,1900,5,0.0,0.0708728367689769,0.4978973119292682,64,1700,0.004572144624071193,48e7cfa9
0.026109011843800545,0.017791589722037315,0.08013089001178741,0.08013089001178741,0.026109011843800545,171,9632,1763557019,checkpoint_000171,True,False,172,096b9c46,2025-11-19_12-56-59,6.58075475692749,1897.0282220840454,3078459,gypsum-gpu181,10.100.31.81,1897.0282220840454,172,69,2,1800,4,0.3,0.47467381878912357,0.6990269033703231,16,1500,0.000663065526544828,096b9c46
0.013617895543575287,0.01247809175401926,0.0735180601477623,0.0735180601477623,0.013617895543575287,199,800,1763556992,checkpoint_000199,True,False,200,cb573220,2025-11-19_12-56-32,4.846514463424683,902.9898536205292,3101308,gypsum-gpu181,10.100.31.81,902.9898536205292,200,96,1,1200,5,0.0,0.492278720519904,0.03504029752267438,256,400,0.0007563564922352405,cb573220
0.00815348606556654,0.010662605985999107,0.0716870054602623,0.0716870054602623,0.00815348606556654,199,2800,1763558474,checkpoint_000199,True,False,200,7d738058,2025-11-19_13-21-15,4.615141153335571,1450.4103481769562,3132096,gypsum-gpu181,10.100.31.81,1450.4103481769562,200,35,2,800,2,0.0,0.13489760082550084,0.045055197923147335,64,2200,0.0005624389193594183,7d738058
0.01422447431832552,0.046417172998189926,0.07030715048313141,0.07030714303255081,0.01422447431832552,199,11200,1763558517,checkpoint_000199,True,False,200,61e38279,2025-11-19_13-21-57,5.180033922195435,1460.2398228645325,3133066,gypsum-gpu181,10.100.31.81,1460.2398228645325,200,41,2,1000,2,0.1,0.3163443112242677,0.04669111482245773,16,1600,0.0077457185392572556,61e38279
0.002429543063044548,0.007327762432396412,0.07706408202648163,0.07706408202648163,0.002429543063044548,199,11200,1763560165,checkpoint_000199,True,False,200,8b8f7fad,2025-11-19_13-49-25,7.638863563537598,1655.495968580246,3182188,gypsum-gpu181,10.100.31.81,1655.495968580246,200,68,2,700,2,0.0,0.12569501768990327,0.27564193247856605,16,2000,0.0005643092850625375,8b8f7fad
0.02190750278532505,0.026418644934892654,0.0652884766459465,0.0652884766459465,0.02190750278532505,197,2772,1763560204,checkpoint_000197,True,False,198,11018523,2025-11-19_13-50-05,5.037440538406372,1658.1363928318024,3183493,gypsum-gpu181,10.100.31.81,1658.1363928318024,198,71,2,1000,3,0.0,0.2322153463321374,0.05368714238963865,64,2400,0.00013610648025115724,11018523
0.48347386717796326,0.4199705123901367,0.44391268491744995,0.44391268491744995,0.48347386717796326,6,28,1763560235,checkpoint_000006,True,False,7,6a89ed14,2025-11-19_13-50-35,4.095868349075317,40.71557354927063,3232550,gypsum-gpu181,10.100.31.81,40.71557354927063,7,99,2,400,6,0.0,0.9007128643767608,0.10977930819264677,256,2100,0.0027575290159259917,6a89ed14
0.2546977698802948,0.23645980656147003,0.23619547486305237,0.23619547486305237,0.2546977698802948,7,112,1763560271,checkpoint_000007,True,False,8,61e1f360,2025-11-19_13-51-12,4.205792427062988,46.48163342475891,3233687,gypsum-gpu181,10.100.31.81,46.48163342475891,8,4,2,700,3,0.0,0.11443942999936431,0.12202696094210654,64,1600,0.00017702143504606983,61e1f360
0.2765567898750305,0.23821094632148743,0.21347381174564362,0.21347381174564362,0.2765567898750305,12,182,1763560344,checkpoint_000012,True,False,13,dce2810d,2025-11-19_13-52-25,4.917307615280151,83.10938572883606,3234736,gypsum-gpu181,10.100.31.81,83.10938572883606,13,70,2,1000,3,0.0,0.2376971906866146,0.010102554115899456,64,2300,0.00010176619522478458,dce2810d
0.09567420929670334,0.09225191920995712,0.10945219546556473,0.10945218056440353,0.09567420929670334,199,800,1763560846,checkpoint_000199,True,False,200,5e187b69,2025-11-19_14-00-46,2.415407419204712,549.2725510597229,3236043,gypsum-gpu181,10.100.31.81,549.2725510597229,200,100,2,400,2,0.0,0.160000668283988,0.28322197332751287,256,600,0.0001461909953924624,5e187b69
0.0009869355708360672,0.002241680631414056,0.06649118661880493,0.06649118661880493,0.0009869355708360672,199,2800,1763561307,checkpoint_000199,True,False,200,7176856a,2025-11-19_14-08-27,5.405831575393677,925.8773059844971,3239218,gypsum-gpu181,10.100.31.81,925.8773059844971,200,25,2,700,3,0.0,0.1121657866213093,0.052238402520353285,64,1600,0.0028965989822050176,7176856a
0.0346122644841671,0.01971125416457653,0.06759581714868546,0.06759582459926605,0.0346122644841671,66,938,1763561339,checkpoint_000066,True,False,67,3e7708b3,2025-11-19_14-08-59,5.432741641998291,466.97334265708923,3269286,gypsum-gpu181,10.100.31.81,466.97334265708923,67,6,2,1000,3,0.0,0.24301771265032135,0.13029086709141688,64,2100,0.0002836377022950397,3e7708b3
0.008025047369301319,0.008285874500870705,0.08343677222728729,0.08343677222728729,0.008025047369301319,199,800,1763562274,checkpoint_000199,True,False,200,6dce4397,2025-11-19_14-24-34,3.5867559909820557,928.8710589408875,3287209,gypsum-gpu181,10.100.31.81,928.8710589408875,200,14,2,900,6,0.0,0.9277998672098058,0.12219068570115556,256,1000,0.0006539653412198399,6dce4397
0.028749525547027588,0.01914181001484394,0.060056157410144806,0.060056157410144806,0.028749525547027588,199,11200,1763562827,checkpoint_000199,True,False,200,61b01b2a,2025-11-19_14-33-48,7.202540159225464,1455.0207419395447,3288176,gypsum-gpu181,10.100.31.81,1455.0207419395447,200,69,2,400,3,0.25,0.3319140760800511,0.010020001931737204,16,2200,0.00018632504017286738,61b01b2a
0.007627137470990419,0.009230520576238632,0.06964362412691116,0.06964362412691116,0.007627137470990419,199,2800,1763563835,checkpoint_000199,True,False,200,75a3072e,2025-11-19_14-50-35,11.226589441299438,1529.8261983394623,3324145,gypsum-gpu181,10.100.31.81,1529.8261983394623,200,8,2,1000,3,0.0,0.26089547028207427,0.1242127562586711,64,2100,0.0002961329510206059,75a3072e
0.016114991158246994,0.020612142980098724,0.062389668077230453,0.062389668077230453,0.016114991158246994,199,2800,1763564430,checkpoint_000199,True,False,200,37740587,2025-11-19_15-00-31,5.948770523071289,1570.8962705135345,3342604,gypsum-gpu181,10.100.31.81,1570.8962705135345,200,49,2,700,3,0.0,0.9921159154974576,0.42692674618955695,64,2400,0.00010321654986584415,37740587
0.01138878520578146,0.012810973450541496,0.06290996819734573,0.06290996819734573,0.01138878520578146,199,11200,1763565314,checkpoint_000199,True,False,200,8090de66,2025-11-19_15-15-15,9.772120952606201,1447.3452804088593,3370718,gypsum-gpu181,10.100.31.81,1447.3452804088593,200,71,2,400,6,0.25,0.25117666538109296,0.010154032421870653,16,2300,0.0004664636464691091,8090de66
0.02541850134730339,0.017410531640052795,0.05919730290770531,0.05919730290770531,0.02541850134730339,199,11200,1763565733,checkpoint_000199,True,False,200,46dd0c0b,2025-11-19_15-22-14,6.858933448791504,1261.0997450351715,3390025,gypsum-gpu181,10.100.31.81,1261.0997450351715,200,81,2,500,2,0.25,0.4396364641048371,0.011635865062487975,16,2000,0.00018623053708517506,46dd0c0b
0.007936233654618263,0.023361245170235634,0.06564942002296448,0.06564942002296448,0.007936233654618263,199,11200,1763567149,checkpoint_000199,True,False,200,279db5cb,2025-11-19_15-45-50,6.514791965484619,1802.8878045082092,3426628,gypsum-gpu181,10.100.31.81,1802.8878045082092,200,43,2,1100,3,0.25,0.3370005325670755,0.024887725601321565,16,2200,0.001102720591153936,279db5cb
0.031129905954003334,0.038940612226724625,0.057237349450588226,0.057237353175878525,0.031129905954003334,199,11200,1763567264,checkpoint_000199,True,False,200,e8ca3f60,2025-11-19_15-47-44,5.542229413986206,1500.5249938964844,3441025,gypsum-gpu181,10.100.31.81,1500.5249938964844,200,38,2,300,4,0.1,0.6126614371583169,0.019114565084927364,16,2300,0.0001292521654828733,e8ca3f60
