train_loss,train_loss_step,val/mse,val_loss,train_loss_epoch,epoch,step,timestamp,checkpoint_dir_name,should_checkpoint,done,training_iteration,trial_id,date,time_this_iter_s,time_total_s,pid,hostname,node_ip,time_since_restore,iterations_since_restore,config/train_loop_config/warmup_epochs,config/train_loop_config/ffn_num_layers,config/train_loop_config/depth,config/train_loop_config/ffn_hidden_dim,config/train_loop_config/batch_size,config/train_loop_config/dropout,config/train_loop_config/init_lr_ratio,config/train_loop_config/final_lr_ratio,config/train_loop_config/max_lr,config/train_loop_config/message_hidden_dim,logdir
0.7346228957176208,0.818267822265625,0.6973981261253357,0.6973981261253357,0.7346228957176208,1,64,1768346414,checkpoint_000001,True,False,2,04bf1932,2026-01-13_23-20-14,4.9928367137908936,25.87225651741028,505591,gypsum-gpu181,10.100.31.81,25.87225651741028,2,12,1,5,1700,16,0.2,0.015350058323922984,0.2686346120241809,0.0038657504949304593,2300,04bf1932
0.015729188919067383,0.013355344533920288,0.048047859221696854,0.048047859221696854,0.015729188919067383,39,320,1768346562,checkpoint_000039,True,False,40,39d70088,2026-01-13_23-22-43,3.6111295223236084,159.61121821403503,505687,gypsum-gpu181,10.100.31.81,159.61121821403503,40,73,2,5,1500,64,0.0,0.5420255208414504,0.01642599135140187,0.0024317064078608927,1500,39d70088
0.2917172908782959,0.2798556983470917,0.362903892993927,0.362903892993927,0.2917172908782959,52,106,1768346597,checkpoint_000052,True,False,53,771a5b21,2026-01-13_23-23-17,3.5586485862731934,158.6469488143921,506634,gypsum-gpu181,10.100.31.81,158.6469488143921,53,4,1,3,1300,256,0.05,0.01807625731012587,0.06511652117588942,0.00011354200216483246,1300,771a5b21
0.04571178928017616,0.03850656375288963,0.0794028490781784,0.0794028490781784,0.04571178928017616,199,3200,1768347204,checkpoint_000199,True,False,200,745c8e77,2026-01-13_23-33-24,3.141876459121704,613.2167494297028,514488,gypsum-gpu181,10.100.31.81,613.2167494297028,200,91,1,3,700,32,0.35000000000000003,0.061153748243462945,0.07512125897822718,0.00022141880909514722,600,745c8e77
0.003986915573477745,0.0035357922315597534,0.041695669293403625,0.041695669293403625,0.003986915573477745,160,1288,1768347239,checkpoint_000160,True,False,161,d7e1132b,2026-01-13_23-33-59,3.721402168273926,615.9793791770935,515935,gypsum-gpu181,10.100.31.81,615.9793791770935,161,83,2,5,1400,64,0.1,0.36738833057242587,0.016353190554889485,0.006128972399315077,900,d7e1132b
0.7734978795051575,0.8193396329879761,0.6003112196922302,0.6003112196922302,0.7734978795051575,4,160,1768347269,checkpoint_000004,True,False,5,75a56044,2026-01-13_23-34-29,5.478970050811768,41.873634576797485,554682,gypsum-gpu181,10.100.31.81,41.873634576797485,5,48,2,6,1700,16,0.0,0.021946359317642338,0.022221720404913138,0.0003197990830689794,1300,75a56044
0.9537877440452576,0.9837788343429565,0.7779566049575806,0.7779565453529358,0.9537877440452576,5,12,1768347305,checkpoint_000005,True,False,6,342f71ad,2026-01-13_23-35-05,6.31497049331665,45.66130256652832,556034,gypsum-gpu181,10.100.31.81,45.66130256652832,6,64,2,4,2300,256,0.35000000000000003,0.13991517772339895,0.042169726361395536,0.0002466137945092889,1400,342f71ad
0.37548011541366577,0.351818710565567,0.24829748272895813,0.24829748272895813,0.37548011541366577,6,56,1768347340,checkpoint_000006,True,False,7,be16e799,2026-01-13_23-35-41,4.650623798370361,45.20887589454651,557082,gypsum-gpu181,10.100.31.81,45.20887589454651,7,71,2,5,2100,64,0.0,0.06703960197018434,0.8792865174208353,0.005188093658601662,600,be16e799
0.08755546808242798,0.09066984057426453,0.10238043963909149,0.10238043963909149,0.08755546808242798,25,52,1768347475,checkpoint_000025,True,False,26,afa1b9de,2026-01-13_23-37-55,4.724057674407959,144.958167552948,557971,gypsum-gpu181,10.100.31.81,144.958167552948,26,28,1,5,400,256,0.0,0.026938625063762843,0.012697938374386151,0.009600415414503648,1900,afa1b9de
0.0032887381967157125,0.0030074724927544594,0.046187423169612885,0.046187423169612885,0.0032887381967157125,199,6400,1768348067,checkpoint_000199,True,False,200,ab46885b,2026-01-13_23-47-47,3.557623863220215,695.2160637378693,559078,gypsum-gpu181,10.100.31.81,695.2160637378693,200,41,2,4,700,16,0.05,0.03115093613159889,0.03507113101335751,0.000881870950740583,300,ab46885b
4.808410085388459e-05,6.788147584302351e-05,0.06230767443776131,0.062307678163051605,4.808410085388459e-05,199,1600,1768348930,checkpoint_000199,True,False,200,af73cbc3,2026-01-14_00-02-10,8.190977096557617,1416.3263535499573,565350,gypsum-gpu181,10.100.31.81,1416.3263535499573,200,50,1,4,2300,64,0.0,0.19062047380510463,0.012976423029447038,0.005397775403391675,1900,af73cbc3
2.9513546905945987e-05,6.25909015070647e-05,0.058492112904787064,0.05849210545420647,2.9513546905945987e-05,199,3200,1768349539,checkpoint_000199,True,False,200,3b185542,2026-01-14_00-12-19,4.118520021438599,1439.785320520401,596508,gypsum-gpu181,10.100.31.81,1439.785320520401,200,30,2,4,300,32,0.0,0.2618913912917298,0.3267581227557168,0.0022115033272394305,2200,3b185542
0.02085677906870842,0.01977335661649704,0.05083423852920532,0.050834234803915024,0.02085677906870842,199,800,1768349731,checkpoint_000199,True,False,200,9b02db4d,2026-01-14_00-15-31,9.208539009094238,766.3746409416199,620751,gypsum-gpu181,10.100.31.81,766.3746409416199,200,50,2,4,600,128,0.4,0.38680438251474486,0.21711506882709483,0.0004910275507234434,1100,9b02db4d
0.013502920046448708,0.008886604569852352,0.04629682004451752,0.04629682004451752,0.013502920046448708,199,1600,1768351477,checkpoint_000199,True,False,200,10bb1ff7,2026-01-14_00-44-37,12.624098777770996,1904.1565182209015,645554,gypsum-gpu181,10.100.31.81,1904.1565182209015,200,3,2,2,1400,64,0.3,0.07068523003134888,0.011209522585777903,0.002707486139269477,2300,10bb1ff7
0.02110310085117817,0.006241161376237869,0.04880504682660103,0.04880505055189133,0.02110310085117817,86,696,1768350310,checkpoint_000086,True,False,87,80f1a7a2,2026-01-14_00-25-10,3.2596089839935303,551.0199484825134,652135,gypsum-gpu181,10.100.31.81,551.0199484825134,87,86,2,4,2000,64,0.2,0.4020431849331807,0.6303801815612602,0.0034431959924975364,900,80f1a7a2
0.005523947533220053,0.005593673326075077,0.03466487303376198,0.03466487303376198,0.005523947533220053,171,2752,1768352259,checkpoint_000171,True,False,172,a960912b,2026-01-14_00-57-39,9.803937435150146,1911.1646914482117,668150,gypsum-gpu181,10.100.31.81,1911.1646914482117,172,38,2,4,2300,32,0.1,0.011627283085174672,0.49201634210439465,0.004146096370159047,2000,a960912b
0.015365885570645332,0.018863879144191742,0.044632066041231155,0.044632066041231155,0.015365885570645332,185,372,1768352302,checkpoint_000185,True,False,186,582faa8b,2026-01-14_00-58-23,2.551023483276367,791.5230178833008,690697,gypsum-gpu181,10.100.31.81,791.5230178833008,186,42,2,6,1800,256,0.0,0.6402844912019816,0.022480653045296686,0.0006133113864228081,400,582faa8b
0.009191400371491909,0.009994206950068474,0.06755541265010834,0.06755541265010834,0.009191400371491909,107,864,1768353052,checkpoint_000107,True,False,108,dd01d1db,2026-01-14_01-10-52,6.963291168212891,757.1582999229431,715744,gypsum-gpu181,10.100.31.81,757.1582999229431,108,19,1,3,600,64,0.0,0.1277605906233864,0.12435847096952482,0.00039956190086643976,2300,dd01d1db
0.01050563808530569,0.010573452338576317,0.050933051854372025,0.050933048129081726,0.01050563808530569,199,3200,1768353019,checkpoint_000199,True,False,200,9c35fbc5,2026-01-14_01-10-19,2.759488582611084,696.1455845832825,717050,gypsum-gpu181,10.100.31.81,696.1455845832825,200,37,1,5,2200,32,0.4,0.05678693896039821,0.015646923793365165,0.002097525369866808,500,9c35fbc5
0.007598822936415672,0.004221158102154732,0.0555322989821434,0.0555323027074337,0.007598822936415672,199,1600,1768353658,checkpoint_000199,True,False,200,18f55e83,2026-01-14_01-20-58,2.3879263401031494,613.504891872406,750979,gypsum-gpu181,10.100.31.81,613.504891872406,200,96,1,4,500,64,0.0,0.1720704297876481,0.27698392227486124,0.0003753968318214543,600,18f55e83
0.007294098846614361,0.00803366955369711,0.05400112643837929,0.054001130163669586,0.007294098846614361,199,400,1768354594,checkpoint_000199,True,False,200,ec7d8892,2026-01-14_01-36-34,8.72796630859375,1515.9636425971985,751819,gypsum-gpu181,10.100.31.81,1515.9636425971985,200,10,2,4,1400,256,0.0,0.37118128910202886,0.03767812674208911,0.000443240141834771,2000,ec7d8892
0.001391227706335485,0.0010776054114103317,0.042045049369335175,0.04204504191875458,0.001391227706335485,125,2016,1768354626,checkpoint_000125,True,False,126,2d959318,2026-01-14_01-37-06,3.6171817779541016,938.0368866920471,779566,gypsum-gpu181,10.100.31.81,938.0368866920471,126,55,2,6,2100,32,0.0,0.14290101860287793,0.44832854436499076,0.008942243948162065,1000,2d959318
4.274508683010936e-05,6.585205846931785e-05,0.054259367287158966,0.054259367287158966,4.274508683010936e-05,199,3200,1768356035,checkpoint_000199,True,False,200,5204a7d0,2026-01-14_02-00-35,8.348225116729736,1407.5070497989655,803646,gypsum-gpu181,10.100.31.81,1407.5070497989655,200,11,1,3,2100,32,0.0,0.037751703726812434,0.06820138495896282,0.005170171187308108,1800,5204a7d0
0.011061240918934345,0.011905958876013756,0.05512981116771698,0.05512981116771698,0.011061240918934345,199,400,1768355132,checkpoint_000199,True,False,200,a1de0102,2026-01-14_01-45-32,1.9831171035766602,480.6282374858856,804941,gypsum-gpu181,10.100.31.81,480.6282374858856,200,93,1,3,600,256,0.15000000000000002,0.8406081742227066,0.06607336324355786,0.005595669736458433,500,a1de0102
0.0037456871941685677,0.003758433973416686,0.06021362915635109,0.06021363288164139,0.0037456871941685677,199,800,1768356930,checkpoint_000199,True,False,200,d18564de,2026-01-14_02-15-31,12.720832347869873,1767.6542663574219,833096,gypsum-gpu181,10.100.31.81,1767.6542663574219,200,58,1,5,1500,128,0.2,0.03899161745429787,0.48233077314690415,0.000889685203838667,2000,d18564de
0.004286965820938349,0.00322165060788393,0.054090194404125214,0.054090194404125214,0.004286965820938349,108,872,1768356963,checkpoint_000108,True,False,109,eee85770,2026-01-14_02-16-03,4.220747709274292,898.637172460556,855947,gypsum-gpu181,10.100.31.81,898.637172460556,109,7,1,5,900,64,0.15000000000000002,0.02376605132997447,0.020617943933616777,0.0021177681384471334,1900,eee85770
0.6913824677467346,0.7130638360977173,0.5258324146270752,0.5258324146270752,0.6913824677467346,8,18,1768357071,checkpoint_000008,True,False,9,7e3d544b,2026-01-14_02-17-52,11.92497181892395,116.41773557662964,875269,gypsum-gpu181,10.100.31.81,116.41773557662964,9,41,2,3,1800,256,0.35000000000000003,0.7551338232782624,0.010229952030915476,0.0002843031285297491,2200,7e3d544b
0.006981612648814917,0.005556188058108091,0.04315514862537384,0.04315514862537384,0.006981612648814917,68,2208,1768357540,checkpoint_000068,True,False,69,efadfd3b,2026-01-14_02-25-41,4.90647029876709,552.6631052494049,876203,gypsum-gpu181,10.100.31.81,552.6631052494049,69,59,2,5,2300,16,0.0,0.04525293981105903,0.6563220156038582,0.0006255037625662616,900,efadfd3b
0.03081861138343811,0.03692461550235748,0.05724412575364113,0.05724412575364113,0.03081861138343811,62,504,1768357508,checkpoint_000062,True,False,63,786a069e,2026-01-14_02-25-08,5.308542490005493,395.84320044517517,878714,gypsum-gpu181,10.100.31.81,395.84320044517517,63,87,2,3,1800,64,0.0,0.06518109753209103,0.010506319435427817,0.0004432156382339275,800,786a069e
0.01137252151966095,0.007149457931518555,0.053343113511800766,0.053343113511800766,0.01137252151966095,199,1600,1768358550,checkpoint_000199,True,False,200,47073c0f,2026-01-14_02-42-30,4.912114381790161,1010.6131739616394,892280,gypsum-gpu181,10.100.31.81,1010.6131739616394,200,84,2,3,1300,64,0.0,0.15721355409273213,0.11501378139544864,0.00014844209921492194,800,47073c0f
0.005212073680013418,0.005381596274673939,0.05809690058231354,0.05809689685702324,0.005212073680013418,199,800,1768359377,checkpoint_000199,True,False,200,03c06be9,2026-01-14_02-56-17,8.008372783660889,1805.3911499977112,893380,gypsum-gpu181,10.100.31.81,1805.3911499977112,200,19,1,6,2200,128,0.2,0.17223313498593049,0.8884460682405527,0.000719155282459956,2000,03c06be9
0.009548919275403023,0.008621308021247387,0.056105952709913254,0.056105948984622955,0.009548919275403023,199,400,1768359490,checkpoint_000199,True,False,200,c61f4523,2026-01-14_02-58-10,2.6698241233825684,908.0344846248627,923178,gypsum-gpu181,10.100.31.81,908.0344846248627,200,69,1,4,1300,256,0.4,0.5420693592244334,0.11680412247306278,0.003110335963210184,1100,c61f4523
0.007064998149871826,0.004792847204953432,0.05694734305143356,0.05694734305143356,0.007064998149871826,199,1600,1768360497,checkpoint_000199,True,False,200,d3482946,2026-01-14_03-14-57,4.87139892578125,1088.0445313453674,946942,gypsum-gpu181,10.100.31.81,1088.0445313453674,200,82,2,4,800,64,0.2,0.06211564648914589,0.2712352200101254,0.0004182362644762536,1300,d3482946
0.05013961344957352,0.03336680307984352,0.08951263129711151,0.08951263129711151,0.05013961344957352,65,528,1768359710,checkpoint_000065,True,False,66,648cab4b,2026-01-14_03-01-50,2.159696102142334,198.14053678512573,951532,gypsum-gpu181,10.100.31.81,198.14053678512573,66,23,1,3,1500,64,0.0,0.012717146167328426,0.05542035340736248,0.00038889110562224623,400,648cab4b
0.08962517976760864,0.0933518260717392,0.17350174486637115,0.17350174486637115,0.08962517976760864,199,400,1768361845,checkpoint_000199,True,False,200,fab3fa55,2026-01-14_03-37-26,9.046272277832031,2102.5576441287994,963442,gypsum-gpu181,10.100.31.81,2102.5576441287994,200,55,1,3,1300,256,0.2,0.19140541939049863,0.02908870539848528,0.00015027137020187677,2100,fab3fa55
0.00023643302847631276,0.0002512511855456978,0.045321978628635406,0.045321978628635406,0.00023643302847631276,199,400,1768363206,checkpoint_000199,True,False,200,2bb76e9a,2026-01-14_04-00-07,11.47208046913147,2675.342204809189,983893,gypsum-gpu181,10.100.31.81,2675.342204809189,200,20,2,4,1300,256,0.0,0.08869012758676156,0.01382806898194014,0.004783506135960282,2400,2bb76e9a
0.0005920455441810191,0.0007506004185415804,0.03972891718149185,0.03972891718149185,0.0005920455441810191,126,2032,1768363244,checkpoint_000126,True,False,127,67d28d7f,2026-01-14_04-00-45,4.082070350646973,1364.353276014328,1003143,gypsum-gpu181,10.100.31.81,1364.353276014328,127,70,2,4,1500,32,0.0,0.2617548652730619,0.4166596782694961,0.005779197832376947,1800,67d28d7f
0.46720027923583984,0.629162073135376,0.45036065578460693,0.45036065578460693,0.46720027923583984,9,160,1768363325,checkpoint_000009,True,False,10,d16ec605,2026-01-14_04-02-06,14.110073804855347,93.80296277999878,1027772,gypsum-gpu181,10.100.31.81,93.80296277999878,10,26,1,6,1400,32,0.1,0.22368777656527336,0.0798471603038746,0.00010541749956363284,2100,d16ec605
0.3116232454776764,0.3644144535064697,0.32323235273361206,0.32323235273361206,0.3116232454776764,18,76,1768363360,checkpoint_000018,True,False,19,fb5e1fe7,2026-01-14_04-02-40,3.280663013458252,101.2779791355133,1028718,gypsum-gpu181,10.100.31.81,101.2779791355133,19,72,2,2,700,128,0.3,0.06577839256489168,0.517434547072615,0.0012855632895593316,1400,fb5e1fe7
0.06760425120592117,0.12732377648353577,0.13305503129959106,0.13305503129959106,0.06760425120592117,35,576,1768363555,checkpoint_000035,True,False,36,192fe7df,2026-01-14_04-05-56,3.9615612030029297,199.18083238601685,1031318,gypsum-gpu181,10.100.31.81,199.18083238601685,36,10,1,3,2100,32,0.0,0.03134453565061461,0.02837069497479074,0.00010007770422185585,1300,192fe7df
0.013464001938700676,0.0060355812311172485,0.0684710144996643,0.06847100704908371,0.013464001938700676,199,3200,1768364463,checkpoint_000199,True,False,200,870dc453,2026-01-14_04-21-03,4.97404146194458,1073.8231687545776,1032386,gypsum-gpu181,10.100.31.81,1073.8231687545776,200,96,1,2,1700,32,0.0,0.09024916952515598,0.017463948546098416,0.0002259654736559139,1200,870dc453
0.0004509067803155631,0.0005495992954820395,0.06316430866718292,0.06316431611776352,0.0004509067803155631,199,1600,1768364799,checkpoint_000199,True,False,200,28ac8b33,2026-01-14_04-26-39,5.626844644546509,1216.2408232688904,1041185,gypsum-gpu181,10.100.31.81,1216.2408232688904,200,54,1,3,300,64,0.0,0.04410104474956476,0.07496238019763413,0.0020197746041541232,1700,28ac8b33
0.003195906290784478,0.003419749904423952,0.05643250048160553,0.05643249303102493,0.003195906290784478,199,3200,1768365606,checkpoint_000199,True,False,200,a388a99e,2026-01-14_04-40-06,5.331127166748047,1112.1091825962067,1074794,gypsum-gpu181,10.100.31.81,1112.1091825962067,200,90,1,4,800,32,0.05,0.7335380673066348,0.8400794720187718,0.0003528397807167581,1300,a388a99e
0.008555327542126179,0.007732730824500322,0.054056551307439804,0.054056551307439804,0.008555327542126179,137,2208,1768366305,checkpoint_000137,True,False,138,9ce5f54d,2026-01-14_04-51-46,14.362688302993774,1477.3963429927826,1087642,gypsum-gpu181,10.100.31.81,1477.3963429927826,138,46,1,5,1900,32,0.4,0.6855682233668623,0.03188240628130629,0.00025082879212669684,2100,9ce5f54d
0.012041246518492699,0.010039038024842739,0.05113042891025543,0.05113042891025543,0.012041246518492699,199,400,1768366586,checkpoint_000199,True,False,200,78191b5a,2026-01-14_04-56-26,4.044182062149048,950.0008625984192,1112787,gypsum-gpu181,10.100.31.81,950.0008625984192,200,30,1,5,800,256,0.3,0.028167486088635476,0.10322535652797084,0.0026182210694641467,1200,78191b5a
0.009946854785084724,0.008907338604331017,0.05377206951379776,0.05377206951379776,0.009946854785084724,199,400,1768367546,checkpoint_000199,True,False,200,cd72e6ef,2026-01-14_05-12-26,4.453843116760254,1203.675850868225,1133379,gypsum-gpu181,10.100.31.81,1203.675850868225,200,75,1,4,1300,256,0.35000000000000003,0.0209610716825527,0.21881279384424715,0.0018715786086655672,1200,cd72e6ef
4.838592212763615e-05,2.7491563741932623e-05,0.04383029043674469,0.04383029043674469,4.838592212763615e-05,199,3200,1768369511,checkpoint_000199,True,False,200,47007f04,2026-01-14_05-45-11,12.48353385925293,2889.671189069748,1143014,gypsum-gpu181,10.100.31.81,2889.671189069748,200,55,2,3,2400,32,0.0,0.7445982569151343,0.17552972578678436,0.00136411245413469,2100,47007f04
0.006610002368688583,0.006083193700760603,0.04696057736873627,0.04696057736873627,0.006610002368688583,199,3200,1768369951,checkpoint_000199,True,False,200,ac7cee67,2026-01-14_05-52-31,8.340312957763672,2370.0984065532684,1164569,gypsum-gpu181,10.100.31.81,2370.0984065532684,200,58,2,5,2000,32,0.35000000000000003,0.1527307485609497,0.11815621084151694,0.0005947626855763684,1800,ac7cee67
9.442064038012177e-05,0.00014709372771903872,0.05208995193243027,0.05208994448184967,9.442064038012177e-05,199,1600,1768371136,checkpoint_000199,True,False,200,48063ea4,2026-01-14_06-12-17,7.306024074554443,1582.0512335300446,1199597,gypsum-gpu181,10.100.31.81,1582.0512335300446,200,45,1,6,1100,64,0.0,0.1932113101590144,0.1522905311652806,0.0013297753540217462,1800,48063ea4
0.002869843505322933,0.002213685307651758,0.05926699936389923,0.05926699936389923,0.002869843505322933,199,3200,1768371720,checkpoint_000199,True,False,200,7e9b2c7a,2026-01-14_06-22-00,7.593117713928223,1736.277864933014,1209347,gypsum-gpu181,10.100.31.81,1736.277864933014,200,77,2,2,1700,32,0.0,0.06605607672321322,0.0730967989115941,0.00025641612499447146,1500,7e9b2c7a
0.01268389169126749,0.007040172349661589,0.07787604629993439,0.07787604629993439,0.01268389169126749,199,3200,1768372545,checkpoint_000199,True,False,200,75671a19,2026-01-14_06-35-46,12.795105695724487,1378.1763098239899,1240119,gypsum-gpu181,10.100.31.81,1378.1763098239899,200,18,1,4,1100,32,0.25,0.041654197531872675,0.652744584297665,0.00012286302122987725,1500,75671a19
0.004028861876577139,0.0068647367879748344,0.05202317237854004,0.05202317237854004,0.004028861876577139,117,944,1768372576,checkpoint_000117,True,False,118,21fc0797,2026-01-14_06-36-17,4.623045921325684,825.376517534256,1257802,gypsum-gpu181,10.100.31.81,825.376517534256,118,62,2,4,1000,64,0.15000000000000002,0.608943366433319,0.0264042639584858,0.0007560973956678509,1600,21fc0797
0.0022823899053037167,0.002257885644212365,0.05233112722635269,0.05233112722635269,0.0022823899053037167,199,400,1768375337,checkpoint_000199,True,False,200,d6458ad1,2026-01-14_07-22-17,10.146847009658813,2758.2902705669403,1283199,gypsum-gpu181,10.100.31.81,2758.2902705669403,200,58,2,5,1400,256,0.0,0.0254424784122926,0.10200922431591174,0.00044746471230842796,2400,d6458ad1
0.7298027873039246,0.7453745603561401,0.5335880517959595,0.5335880517959595,0.7298027873039246,15,32,1768372770,checkpoint_000015,True,False,16,ebe3f3a0,2026-01-14_06-39-31,12.906695365905762,173.6598870754242,1284309,gypsum-gpu181,10.100.31.81,173.6598870754242,16,61,1,5,900,256,0.4,0.012306996711338766,0.17396232482570778,0.006432556639945765,2100,ebe3f3a0
0.05055094510316849,0.05497058480978012,0.08609464019536972,0.08609463274478912,0.05055094510316849,177,356,1768375368,checkpoint_000177,True,False,178,1a2954c0,2026-01-14_07-22-48,7.775514841079712,2559.8932745456696,1287518,gypsum-gpu181,10.100.31.81,2559.8932745456696,178,86,2,2,1700,256,0.15000000000000002,0.03120297785266212,0.014773803572345931,0.0001749721019087931,2100,1a2954c0
0.49287939071655273,0.5467042922973633,0.4918062090873718,0.49180617928504944,0.49287939071655273,21,88,1768375556,checkpoint_000021,True,False,22,96eb504a,2026-01-14_07-25-56,6.0814595222473145,193.09677958488464,1319399,gypsum-gpu181,10.100.31.81,193.09677958488464,22,93,2,3,1300,128,0.0,0.012762550760513166,0.01122956502079876,0.00030830623681664057,1900,96eb504a
0.11377057433128357,0.09554257988929749,0.14835470914840698,0.14835470914840698,0.11377057433128357,15,64,1768375520,checkpoint_000015,True,False,16,9b321919,2026-01-14_07-25-20,9.91076946258545,128.73109459877014,1320094,gypsum-gpu181,10.100.31.81,128.73109459877014,16,40,1,5,1900,128,0.0,0.014344961501402383,0.03215661638711868,0.00481176342405285,1400,9b321919
0.996128499507904,0.701392412185669,0.8142330050468445,0.8142330050468445,0.996128499507904,3,16,1768375578,checkpoint_000003,True,False,4,691205fb,2026-01-14_07-26-18,6.030746698379517,34.719022035598755,1323438,gypsum-gpu181,10.100.31.81,34.719022035598755,4,86,1,3,1300,128,0.0,0.010319641073669977,0.021920084786728584,0.00011381583294454103,1900,691205fb
0.011292260140180588,0.016590330749750137,0.038494713604450226,0.038494717329740524,0.011292260140180588,199,1600,1768376716,checkpoint_000199,True,False,200,72420f35,2026-01-14_07-45-16,5.0442094802856445,1138.3325407505035,1324209,gypsum-gpu181,10.100.31.81,1138.3325407505035,200,14,2,6,1700,64,0.35000000000000003,0.019050778553260053,0.033064373563520134,0.0033445724506721056,500,72420f35
0.0032336395233869553,0.003466271562501788,0.06577281653881073,0.06577280908823013,0.0032336395233869553,199,400,1768377179,checkpoint_000199,True,False,200,3f4fa34a,2026-01-14_07-52-59,3.661637306213379,1564.8274900913239,1324990,gypsum-gpu181,10.100.31.81,1564.8274900913239,200,58,1,4,1500,256,0.05,0.04638783223350383,0.08376915722137084,0.0010573376044838163,1800,3f4fa34a
0.07064609974622726,0.06711098551750183,0.12715254724025726,0.12715254724025726,0.07064609974622726,199,800,1768377535,checkpoint_000199,True,False,200,a41c5736,2026-01-14_07-58-55,3.4472084045410156,790.6104915142059,1357124,gypsum-gpu181,10.100.31.81,790.6104915142059,200,83,1,6,1900,128,0.15000000000000002,0.3228620953211295,0.043294677319195445,0.0001064067843405875,600,a41c5736
0.006137752439826727,0.006069866940379143,0.044471777975559235,0.044471774250268936,0.006137752439826727,199,3200,1768378934,checkpoint_000199,True,False,200,a6fd8bd9,2026-01-14_08-22-14,5.713584661483765,1723.3500635623932,1372977,gypsum-gpu181,10.100.31.81,1723.3500635623932,200,16,2,5,1200,32,0.2,0.06955614783386216,0.14478575048472495,0.005257680697842348,1900,a6fd8bd9
0.010963254608213902,0.009527670219540596,0.0367974191904068,0.0367974191904068,0.010963254608213902,185,5952,1768378964,checkpoint_000185,True,False,186,67aad40b,2026-01-14_08-22-45,5.293510437011719,1398.1802978515625,1386303,gypsum-gpu181,10.100.31.81,1398.1802978515625,186,86,2,4,1200,16,0.2,0.03114868898264961,0.03284708391112032,0.006135938496120416,1400,67aad40b
0.0235698651522398,0.01882944628596306,0.0743677169084549,0.0743677169084549,0.0235698651522398,22,736,1768379106,checkpoint_000022,True,False,23,c3d18408,2026-01-14_08-25-06,5.3653857707977295,148.44691276550293,1428834,gypsum-gpu181,10.100.31.81,148.44691276550293,23,79,1,6,1400,16,0.0,0.5119375009287981,0.37712409393715385,0.004011120384804886,1600,c3d18408
0.10649429261684418,0.06684808433055878,0.11104165762662888,0.11104166507720947,0.10649429261684418,16,136,1768379075,checkpoint_000016,True,False,17,581f2cef,2026-01-14_08-24-35,4.072166204452515,90.97270250320435,1429979,gypsum-gpu181,10.100.31.81,90.97270250320435,17,33,2,4,1800,64,0.35000000000000003,0.04949154653017048,0.01790233746512545,0.006049485537108195,500,581f2cef
0.03889511525630951,0.021498002111911774,0.08223706483840942,0.08223706483840942,0.03889511525630951,199,3200,1768379755,checkpoint_000199,True,False,200,8d23cd35,2026-01-14_08-35-55,3.068150281906128,651.7944161891937,1434420,gypsum-gpu181,10.100.31.81,651.7944161891937,200,75,1,2,400,32,0.05,0.0165178785616197,0.7082915142620524,0.0001882727085530916,600,8d23cd35
0.01762482523918152,0.009174677543342113,0.05857539921998978,0.058575406670570374,0.01762482523918152,199,6400,1768379950,checkpoint_000199,True,False,200,43d24aab,2026-01-14_08-39-10,4.270825386047363,818.5168883800507,1435464,gypsum-gpu181,10.100.31.81,818.5168883800507,200,65,1,3,1300,16,0.3,0.01863488288846343,0.06268110483684347,0.00022912132616922492,800,43d24aab
0.010365467518568039,0.005602268967777491,0.05210581794381142,0.05210581794381142,0.010365467518568039,44,1440,1768380255,checkpoint_000044,True,False,45,629d4686,2026-01-14_08-44-15,11.551717758178711,477.7059488296509,1479593,gypsum-gpu181,10.100.31.81,477.7059488296509,45,35,1,6,1700,16,0.0,0.013709402694797413,0.6825826346577292,0.002001709133228716,2300,629d4686
0.02621971257030964,0.018744656816124916,0.07068820297718048,0.07068820297718048,0.02621971257030964,51,208,1768380296,checkpoint_000051,True,False,52,ce750b46,2026-01-14_08-44-57,4.630142688751221,323.66616654396057,1487914,gypsum-gpu181,10.100.31.81,323.66616654396057,52,62,1,6,1200,128,0.05,0.08020700823216355,0.07792828495251047,0.0015021663270642295,1400,ce750b46
0.7646676301956177,0.5077587366104126,0.5897102952003479,0.5897102952003479,0.7646676301956177,3,16,1768380330,checkpoint_000003,True,False,4,f73568e6,2026-01-14_08-45-31,6.887146234512329,44.3036994934082,1495873,gypsum-gpu181,10.100.31.81,44.3036994934082,4,70,2,4,1700,128,0.0,0.019507863683972303,0.011272606277111047,0.005282500236906916,1900,f73568e6
0.0007374318083748221,0.0003636522451415658,0.06846911460161209,0.06846912205219269,0.0007374318083748221,143,288,1768381488,checkpoint_000143,True,False,144,1ab93f16,2026-01-14_09-04-48,5.57947564125061,1164.8525924682617,1496801,gypsum-gpu181,10.100.31.81,1164.8525924682617,144,78,1,4,500,256,0.0,0.09495457197457388,0.7569983525234623,0.0038686040131522027,2200,1ab93f16
0.0011467570438981056,0.001114205690100789,0.04456976801156998,0.04456976801156998,0.0011467570438981056,75,1216,1768381005,checkpoint_000075,True,False,76,07cafba6,2026-01-14_08-56-46,11.7972731590271,651.8609976768494,1497447,gypsum-gpu181,10.100.31.81,651.8609976768494,76,36,2,3,2100,32,0.0,0.2821927669734689,0.03597029145068741,0.001860791133393327,1000,07cafba6
0.0015817246166989207,0.0023477990180253983,0.041445810347795486,0.041445810347795486,0.0015817246166989207,199,3200,1768381663,checkpoint_000199,True,False,200,01dc4e56,2026-01-14_09-07-43,2.7144670486450195,625.6505327224731,1513482,gypsum-gpu181,10.100.31.81,625.6505327224731,200,62,1,6,1800,32,0.0,0.017927686255797947,0.5868908246897637,0.0009039753359559577,300,01dc4e56
0.17621739208698273,0.16853177547454834,0.16481241583824158,0.16481241583824158,0.17621739208698273,22,184,1768381691,checkpoint_000022,True,False,23,72b12ece,2026-01-14_09-08-11,10.891143560409546,176.39102840423584,1536815,gypsum-gpu181,10.100.31.81,176.39102840423584,23,65,2,6,1200,64,0.35000000000000003,0.19990666704028756,0.04236253280353537,0.0003283258870180838,2100,72b12ece
0.21605665981769562,0.06705549359321594,0.2635953724384308,0.2635953426361084,0.21605665981769562,4,160,1768381719,checkpoint_000004,True,False,5,1388d97e,2026-01-14_09-08-39,4.218281984329224,36.21420168876648,1545393,gypsum-gpu181,10.100.31.81,36.21420168876648,5,60,1,4,500,16,0.0,0.07124182637320212,0.2053909903258264,0.008783466352505372,1300,1388d97e
0.018918249756097794,0.011648205108940601,0.06218717619776726,0.06218717619776726,0.018918249756097794,199,1600,1768382724,checkpoint_000199,True,False,200,744e0fd6,2026-01-14_09-25-24,7.934814929962158,1006.9565303325653,1546202,gypsum-gpu181,10.100.31.81,1006.9565303325653,200,33,1,3,300,64,0.25,0.020749475387583875,0.2967109820315636,0.00041953718678613446,1300,744e0fd6
0.006149138789623976,0.00479796901345253,0.04875871539115906,0.04875871166586876,0.006149138789623976,199,400,1768383054,checkpoint_000199,True,False,200,f62982df,2026-01-14_09-30-54,5.955390453338623,1302.9023172855377,1547227,gypsum-gpu181,10.100.31.81,1302.9023172855377,200,23,2,5,1500,256,0.2,0.3951023246833332,0.4125961443108505,0.0006513156924823242,1300,f62982df
0.034534648060798645,0.02787155844271183,0.06371389329433441,0.06371389329433441,0.034534648060798645,199,800,1768383345,checkpoint_000199,True,False,200,7cc4e7de,2026-01-14_09-35-45,2.449223279953003,591.1265258789062,1580433,gypsum-gpu181,10.100.31.81,591.1265258789062,200,27,1,3,400,128,0.4,0.32107517800015706,0.013604979809202312,0.0013094559816979822,600,7cc4e7de
0.009884132072329521,0.0062546622939407825,0.05051272362470627,0.05051271989941597,0.009884132072329521,199,3200,1768383665,checkpoint_000199,True,False,200,250cc5c9,2026-01-14_09-41-05,2.912083864212036,583.026709318161,1593531,gypsum-gpu181,10.100.31.81,583.026709318161,200,31,1,4,400,32,0.0,0.02171543860240806,0.19236926959141432,0.00037549599339618513,300,250cc5c9
0.00013945634418632835,9.12012328626588e-05,0.04700026661157608,0.04700025916099548,0.00013945634418632835,199,1600,1768385126,checkpoint_000199,True,False,200,c511835e,2026-01-14_10-05-26,9.021297931671143,1748.6633620262146,1615032,gypsum-gpu181,10.100.31.81,1748.6633620262146,200,27,1,5,1700,64,0.0,0.0708728367689769,0.4978973119292682,0.004572144624071193,1900,c511835e
0.00893447920680046,0.006493457593023777,0.05844000354409218,0.05844000354409218,0.00893447920680046,199,6400,1768385751,checkpoint_000199,True,False,200,f5bbc7e8,2026-01-14_10-15-52,12.720744609832764,2054.8224811553955,1632333,gypsum-gpu181,10.100.31.81,2054.8224811553955,200,69,2,4,1500,16,0.3,0.47467381878912357,0.6990269033703231,0.000663065526544828,1800,f5bbc7e8
0.0078108049929142,0.010223980993032455,0.0698273777961731,0.0698273777961731,0.0078108049929142,199,400,1768386026,checkpoint_000199,True,False,200,cc0c9044,2026-01-14_10-20-26,3.6681020259857178,869.308100938797,1665279,gypsum-gpu181,10.100.31.81,869.308100938797,200,96,1,5,400,256,0.0,0.492278720519904,0.03504029752267438,0.0007563564922352405,1200,cc0c9044
0.003628659527748823,0.0009093359694816172,0.057660166174173355,0.057660166174173355,0.003628659527748823,199,6400,1768386642,checkpoint_000199,True,False,200,e9fb9b3c,2026-01-14_10-30-42,3.7943663597106934,861.1660559177399,1685225,gypsum-gpu181,10.100.31.81,861.1660559177399,200,38,2,4,500,16,0.0,0.04299071604202692,0.7788536495272793,0.00023611757384069395,600,e9fb9b3c
0.00011078154057031497,2.7563053663470782e-05,0.054914042353630066,0.054914046078920364,0.00011078154057031497,199,6400,1768388309,checkpoint_000199,True,False,200,519eb991,2026-01-14_10-58-30,12.038527727127075,2250.7978632450104,1699637,gypsum-gpu181,10.100.31.81,2250.7978632450104,200,95,2,3,2400,16,0.0,0.023754242417313717,0.27074518224141947,0.0017123545771898718,1600,519eb991
2.7048798074247316e-05,5.5447002523578703e-05,0.06971964240074158,0.06971964240074158,2.7048798074247316e-05,199,1600,1768388322,checkpoint_000199,True,False,200,f5c8ba07,2026-01-14_10-58-42,12.673957586288452,1649.0518999099731,1726290,gypsum-gpu181,10.100.31.81,1649.0518999099731,200,75,1,4,500,64,0.0,0.013347005432228953,0.06318083783896596,0.0059366956422984,1900,f5c8ba07
0.0006073692347854376,0.0005794645985588431,0.058841004967689514,0.05884100869297981,0.0006073692347854376,199,400,1768389057,checkpoint_000199,True,False,200,8952d730,2026-01-14_11-10-57,3.1530344486236572,717.1419370174408,1764417,gypsum-gpu181,10.100.31.81,717.1419370174408,200,57,1,3,2400,256,0.0,0.1297279485607134,0.07816177173970953,0.008219186145329417,400,8952d730
0.005591210909187794,0.009347335435450077,0.050553835928440094,0.050553835928440094,0.005591210909187794,199,800,1768390392,checkpoint_000199,True,False,200,d009e638,2026-01-14_11-33-12,17.890090942382812,2032.0326397418976,1764597,gypsum-gpu181,10.100.31.81,2032.0326397418976,200,55,2,6,2300,128,0.25,0.19002540800009465,0.33887109271007104,0.0019611887093061342,1200,d009e638
0.008673286996781826,0.006107549648731947,0.04016749560832977,0.04016749560832977,0.008673286996781826,199,6400,1768390961,checkpoint_000199,True,False,200,00d0f8fe,2026-01-14_11-42-41,6.644310712814331,1871.3504667282104,1790582,gypsum-gpu181,10.100.31.81,1871.3504667282104,200,87,2,5,2400,16,0.15000000000000002,0.049891836429879315,0.14801658390012676,0.004651819063082648,500,00d0f8fe
0.0002844919799827039,0.0008585781324654818,0.051348134875297546,0.051348134875297546,0.0002844919799827039,199,3200,1768391672,checkpoint_000199,True,False,200,49cbc846,2026-01-14_11-54-32,9.224996328353882,1250.0237181186676,1817488,gypsum-gpu181,10.100.31.81,1250.0237181186676,200,50,1,6,400,32,0.0,0.012212973210594268,0.023932530893423013,0.0010071358913569237,1500,49cbc846
0.01069574523717165,0.010621964931488037,0.04571131616830826,0.04571131616830826,0.01069574523717165,199,1600,1768392282,checkpoint_000199,True,False,200,9bf277ca,2026-01-14_12-04-42,5.482032775878906,1291.2811965942383,1838039,gypsum-gpu181,10.100.31.81,1291.2811965942383,200,2,2,6,1900,64,0.1,0.03065892768588907,0.04639590620951158,0.009275789271863342,900,9bf277ca
0.00823220144957304,0.007292747963219881,0.04143195599317551,0.04143195599317551,0.00823220144957304,76,2464,1768392312,checkpoint_000076,True,False,77,66bc1bd0,2026-01-14_12-05-12,4.67072057723999,613.327467918396,1861553,gypsum-gpu181,10.100.31.81,613.327467918396,77,9,2,6,2200,16,0.15000000000000002,0.010695428199847201,0.01041661707850679,0.0036528420792535893,900,66bc1bd0
0.040630754083395004,0.0793992280960083,0.05602734163403511,0.05602734163403511,0.040630754083395004,199,6400,1768393527,checkpoint_000199,True,False,200,e369f1a2,2026-01-14_12-25-27,5.9236578941345215,1215.061351299286,1881090,gypsum-gpu181,10.100.31.81,1215.061351299286,200,44,2,6,2100,16,0.35000000000000003,0.014252941903299602,0.01792476520097792,0.0071835134064394375,400,e369f1a2
0.02410859987139702,0.023631665855646133,0.06499557942152023,0.06499557197093964,0.02410859987139702,29,960,1768392484,checkpoint_000029,True,False,30,4d96b800,2026-01-14_12-08-04,3.713561773300171,151.3186845779419,1882224,gypsum-gpu181,10.100.31.81,151.3186845779419,30,7,2,5,1000,16,0.15000000000000002,0.1136072125261067,0.051937793888890166,0.003892210199531804,800,4d96b800
0.005149019416421652,0.0036886269226670265,0.04723411425948143,0.04723411425948143,0.005149019416421652,199,6400,1768394002,checkpoint_000199,True,False,200,627c47c6,2026-01-14_12-33-22,6.264240980148315,1489.034106016159,1890269,gypsum-gpu181,10.100.31.81,1489.034106016159,200,7,2,6,2200,16,0.15000000000000002,0.05264699528390215,0.010020001931737204,0.0035925262786333143,1000,627c47c6
0.006753988564014435,0.004370177164673805,0.04435060918331146,0.04435060918331146,0.006753988564014435,199,6400,1768394487,checkpoint_000199,True,False,200,18160618,2026-01-14_12-41-27,4.4371583461761475,933.0553822517395,1930250,gypsum-gpu181,10.100.31.81,933.0553822517395,200,89,2,5,1000,16,0.15000000000000002,0.0102639877461832,0.02164312551392693,0.0037629940724781233,800,18160618
0.010997604578733444,0.005622172728180885,0.03867241367697716,0.03867241367697716,0.010997604578733444,199,6400,1768395121,checkpoint_000199,True,False,200,3c5bc500,2026-01-14_12-52-01,6.199231863021851,1090.4603023529053,1950399,gypsum-gpu181,10.100.31.81,1090.4603023529053,200,11,2,6,1600,16,0.35000000000000003,0.03391632286580087,0.04943467455109185,0.002367930881905443,700,3c5bc500
0.0031926967203617096,0.003297851188108325,0.05515836179256439,0.05515836551785469,0.0031926967203617096,199,1600,1768395937,checkpoint_000199,True,False,200,bb5174a1,2026-01-14_13-05-37,6.087953090667725,1420.6044042110443,1977423,gypsum-gpu181,10.100.31.81,1420.6044042110443,200,47,2,5,2000,64,0.1,0.010486911635929954,0.02855222091261713,0.0065192979012465395,1000,bb5174a1
0.00023218039132189006,0.00011999435082543641,0.03162490203976631,0.03162490203976631,0.00023218039132189006,199,6400,1768396573,checkpoint_000199,True,False,200,4aa73844,2026-01-14_13-16-13,5.90137791633606,1415.9761629104614,1999909,gypsum-gpu181,10.100.31.81,1415.9761629104614,200,87,2,6,2300,16,0.0,0.09897952165975092,0.011399143531587155,0.0040713222691422385,400,4aa73844
0.010615834966301918,0.004838477820158005,0.04301203787326813,0.04301203787326813,0.010615834966301918,199,1600,1768396938,checkpoint_000199,True,False,200,abc5e9a2,2026-01-14_13-22-19,4.278778314590454,968.9463164806366,2025035,gypsum-gpu181,10.100.31.81,968.9463164806366,200,12,2,6,1600,64,0.35000000000000003,0.03301967938238864,0.05038244887385231,0.0025342388557553935,700,abc5e9a2
0.016500186175107956,0.00873200036585331,0.04224594682455063,0.04224594682455063,0.016500186175107956,199,1600,1768397318,checkpoint_000199,True,False,200,242f22e9,2026-01-14_13-28-38,3.1534643173217773,716.4126944541931,2049838,gypsum-gpu181,10.100.31.81,716.4126944541931,200,7,2,6,900,64,0.35000000000000003,0.0350158326073498,0.035572113278313805,0.001523542173235351,900,242f22e9
