train_loss,train_loss_step,val/roc,val_loss,train_loss_epoch,epoch,step,timestamp,checkpoint_dir_name,should_checkpoint,done,training_iteration,trial_id,date,time_this_iter_s,time_total_s,pid,hostname,node_ip,time_since_restore,iterations_since_restore,config/train_loop_config/ffn_num_layers,config/train_loop_config/init_lr_ratio,config/train_loop_config/batch_size,config/train_loop_config/dropout,config/train_loop_config/max_lr,config/train_loop_config/depth,config/train_loop_config/final_lr_ratio,config/train_loop_config/warmup_epochs,config/train_loop_config/message_hidden_dim,config/train_loop_config/ffn_hidden_dim,logdir
0.01358265895396471,0.01789189875125885,0.8513071537017822,0.5914048552513123,0.01358265895396471,159,62720,1763051404,checkpoint_000159,True,False,160,dcd59d2e,2025-11-13_16-30-05,13.284010171890259,2181.574115037918,5127,gpu012,10.100.20.12,2181.574115037918,160,1,0.015350058323922985,16,0.2,0.0038657504949304597,5,0.2686346120241809,12,2300,1700,dcd59d2e
0.21659433841705322,0.23457220196723938,0.8086531162261963,0.236659973859787,0.21659433841705322,2,294,1763049299,checkpoint_000002,True,False,3,f8ef6630,2025-11-13_15-55-00,5.705931901931763,54.3160662651062,5751,gpu012,10.100.20.12,54.3160662651062,3,2,0.5420255208414504,64,0.0,0.0024317064078608923,5,0.01642599135140187,73,1500,1500,f8ef6630
0.26196375489234924,0.26031985878944397,0.7176259756088257,0.2801176607608795,0.26196375489234924,9,250,1763049406,checkpoint_000009,True,False,10,6815f419,2025-11-13_15-56-46,3.699047803878784,62.30818057060242,7644,gpu012,10.100.20.12,62.30818057060242,10,1,0.01807625731012587,256,0.05,0.00011354200216483246,3,0.06511652117588944,4,1300,1300,6815f419
0.12701711058616638,0.15165682137012482,0.8666976690292358,0.20817963778972626,0.12701711058616638,199,39200,1763050517,checkpoint_000199,True,False,200,adc76c5c,2025-11-13_16-15-17,5.298701047897339,1056.31338596344,10661,gpu012,10.100.20.12,1056.31338596344,200,1,0.061153748243462945,32,0.35000000000000003,0.0002214188090951472,3,0.07512125897822718,91,600,700,adc76c5c
0.0019109656568616629,0.003154100850224495,0.8610914349555969,0.7307353019714355,0.0019109656568616629,199,19600,1763051616,checkpoint_000199,True,False,200,c930af9b,2025-11-13_16-33-37,5.2753167152404785,1061.6053936481476,56673,gpu012,10.100.20.12,1061.6053936481476,200,2,0.3673883305724259,64,0.1,0.006128972399315077,5,0.016353190554889485,83,900,1400,c930af9b
0.0022107623517513275,0.0003123058413621038,0.855512261390686,0.8515193462371826,0.0022107623517513275,102,40376,1763052738,checkpoint_000102,True,False,103,478b0e48,2025-11-13_16-52-18,14.231294393539429,1310.0232095718384,91247,gpu012,10.100.20.12,1310.0232095718384,103,2,0.021946359317642338,16,0.0,0.0003197990830689793,6,0.02222172040491314,48,1300,1700,478b0e48
0.11262325197458267,0.13027238845825195,0.8737820386886597,0.21044772863388062,0.11262325197458267,199,5000,1763052722,checkpoint_000199,True,False,200,ef64951b,2025-11-13_16-52-02,5.402523517608643,1077.180651664734,99730,gpu012,10.100.20.12,1077.180651664734,200,2,0.13991517772339898,256,0.35000000000000003,0.0002466137945092889,4,0.042169726361395536,64,1400,2300,ef64951b
0.012339717708528042,0.04245057329535484,0.8225111961364746,0.5832890272140503,0.012339717708528042,199,19600,1763053794,checkpoint_000199,True,False,200,9fe64106,2025-11-13_17-09-54,5.057358264923096,1045.5302619934082,140122,gpu012,10.100.20.12,1045.5302619934082,200,2,0.06703960197018434,64,0.0,0.005188093658601662,5,0.8792865174208353,71,600,2100,9fe64106
0.00027265268727205694,0.000384778919396922,0.845278263092041,0.9675959944725037,0.00027265268727205694,199,5000,1763053948,checkpoint_000199,True,False,200,32537c1b,2025-11-13_17-12-29,5.805193185806274,1175.0043802261353,140757,gpu012,10.100.20.12,1175.0043802261353,200,1,0.026938625063762843,256,0.0,0.009600415414503648,5,0.012697938374386151,28,1900,400,32537c1b
0.001161975204013288,3.0541639716830105e-05,0.8528181314468384,0.9949508905410767,0.001161975204013288,199,78400,1763055936,checkpoint_000199,True,False,200,0550b4fb,2025-11-13_17-45-37,10.791603088378906,2093.6532468795776,192985,gpu012,10.100.20.12,2093.6532468795776,200,2,0.031150936131598892,16,0.05,0.000881870950740583,4,0.03507113101335751,41,300,700,0550b4fb
0.000173420732608065,0.00011900193931069225,0.8407931327819824,1.4095184803009033,0.000173420732608065,199,19600,1763055329,checkpoint_000199,True,False,200,9590da9f,2025-11-13_17-35-29,6.496042728424072,1323.121217250824,198261,gpu012,10.100.20.12,1323.121217250824,200,1,0.19062047380510463,64,0.0,0.005397775403391675,4,0.012976423029447038,50,1900,2300,9590da9f
0.0010293680243194103,8.381874795304611e-05,0.8458043932914734,0.7053441405296326,0.0010293680243194103,123,24304,1763056525,checkpoint_000123,True,False,124,2858906f,2025-11-13_17-55-26,8.383612394332886,1118.0160343647003,250100,gpu012,10.100.20.12,1118.0160343647003,124,2,0.2618913912917298,32,0.0,0.0022115033272394305,4,0.3267581227557168,30,2200,300,2858906f
0.05086649954319,0.061309825628995895,0.8592445254325867,0.3183116912841797,0.05086649954319,199,9800,1763056837,checkpoint_000199,True,False,200,ab1efebb,2025-11-13_18-00-38,4.219075918197632,834.9474077224731,268289,gpu012,10.100.20.12,834.9474077224731,200,2,0.38680438251474486,128,0.4,0.0004910275507234434,4,0.21711506882709483,50,1100,600,ab1efebb
0.06879214942455292,0.040963269770145416,0.85679030418396,0.3011595904827118,0.06879214942455292,41,4116,1763056887,checkpoint_000041,True,False,42,42aad0a5,2025-11-13_18-01-27,6.36112380027771,303.20517015457153,296686,gpu012,10.100.20.12,303.20517015457153,42,2,0.07068523003134888,64,0.3,0.002707486139269477,2,0.011209522585777905,3,2300,1400,42aad0a5
0.013850909657776356,0.008111907169222832,0.8496045470237732,0.6070308685302734,0.013850909657776356,199,19600,1763057970,checkpoint_000199,True,False,200,64ea0b86,2025-11-13_18-19-30,5.0887041091918945,1088.0470395088196,312177,gpu012,10.100.20.12,1088.0470395088196,200,2,0.4020431849331807,64,0.2,0.0034431959924975364,4,0.6303801815612602,86,900,2000,64ea0b86
0.008001101203262806,0.0002403194084763527,0.8380748629570007,1.0589669942855835,0.008001101203262806,199,39200,1763058836,checkpoint_000199,True,False,200,4168271a,2025-11-13_18-33-56,9.448853492736816,1905.5449061393738,313673,gpu012,10.100.20.12,1905.5449061393738,200,2,0.011627283085174672,32,0.1,0.004146096370159047,4,0.49201634210439465,38,2000,2300,4168271a
0.04651714116334915,0.05153932049870491,0.8239955306053162,0.40306171774864197,0.04651714116334915,199,5000,1763058685,checkpoint_000199,True,False,200,637066d8,2025-11-13_18-31-25,3.3256568908691406,687.1291718482971,366178,gpu012,10.100.20.12,687.1291718482971,200,2,0.6402844912019816,256,0.0,0.0006133113864228081,6,0.02248065304529669,42,400,1800,637066d8
0.18640510737895966,0.16944962739944458,0.845618724822998,0.21760186553001404,0.18640510737895966,22,2254,1763058871,checkpoint_000022,True,False,23,4baa222c,2025-11-13_18-34-32,6.5015199184417725,163.2339859008789,407776,gpu012,10.100.20.12,163.2339859008789,23,1,0.1277605906233864,64,0.0,0.0003995619008664398,3,0.12435847096952483,19,2300,600,4baa222c
0.04527464136481285,0.04922083020210266,0.8771905303001404,0.3274274170398712,0.04527464136481285,199,39200,1763060196,checkpoint_000199,True,False,200,d5ab76cb,2025-11-13_18-56-36,7.089076280593872,1333.1144635677338,413335,gpu012,10.100.20.12,1333.1144635677338,200,1,0.05678693896039821,32,0.4,0.002097525369866808,5,0.015646923793365165,37,500,2200,d5ab76cb
0.2431030124425888,0.1984369158744812,0.7299738526344299,0.2834683060646057,0.2431030124425888,8,882,1763058934,checkpoint_000008,True,False,9,36e1b7eb,2025-11-13_18-35-34,3.4089159965515137,47.93437457084656,414410,gpu012,10.100.20.12,47.93437457084656,9,1,0.1720704297876481,64,0.0,0.00037539683182145434,4,0.27698392227486124,96,600,500,36e1b7eb
0.01018550805747509,0.008717321790754795,0.8305163979530334,0.7094278931617737,0.01018550805747509,195,4900,1763060170,checkpoint_000195,True,False,196,f80409c4,2025-11-13_18-56-10,6.117404460906982,1203.6214771270752,417819,gpu012,10.100.20.12,1203.6214771270752,196,2,0.3711812891020289,256,0.0,0.000443240141834771,4,0.03767812674208911,10,2000,1400,f80409c4
0.15854746103286743,0.09222466498613358,0.8618077039718628,0.22014957666397095,0.15854746103286743,11,2352,1763060318,checkpoint_000011,True,False,12,b070e6b8,2025-11-13_18-58-39,8.655968189239502,115.94094133377075,479106,gpu012,10.100.20.12,115.94094133377075,12,2,0.14290101860287793,32,0.0,0.008942243948162065,6,0.44832854436499076,55,1000,2100,b070e6b8
0.0003387370961718261,1.757520209366703e-07,0.8450530767440796,1.3913136720657349,0.0003387370961718261,199,39200,1763061705,checkpoint_000199,True,False,200,ecd2a7ba,2025-11-13_19-21-45,7.446199417114258,1473.6686351299286,479662,gpu012,10.100.20.12,1473.6686351299286,200,1,0.037751703726812434,32,0.0,0.005170171187308108,3,0.06820138495896282,11,1800,2100,ecd2a7ba
0.01220265869051218,0.01784667558968067,0.8551864624023438,0.581111490726471,0.01220265869051218,199,5000,1763060979,checkpoint_000199,True,False,200,3499f229,2025-11-13_19-09-39,3.024852991104126,622.5523355007172,484375,gpu012,10.100.20.12,622.5523355007172,200,1,0.8406081742227066,256,0.15000000000000002,0.005595669736458433,3,0.06607336324355786,93,500,600,3499f229
0.0024697233457118273,0.00398162379860878,0.8482331037521362,0.7969786524772644,0.0024697233457118273,199,9800,1763062443,checkpoint_000199,True,False,200,a2979a27,2025-11-13_19-34-03,6.9785919189453125,1395.2692070007324,528795,gpu012,10.100.20.12,1395.2692070007324,200,1,0.03899161745429787,128,0.2,0.000889685203838667,5,0.4823307731469042,58,2000,1500,a2979a27
0.0005440175882540643,0.0005654713022522628,0.8477500081062317,0.9275336861610413,0.0005440175882540643,199,19600,1763063172,checkpoint_000199,True,False,200,3a0c9359,2025-11-13_19-46-12,7.108624219894409,1409.8168025016785,560778,gpu012,10.100.20.12,1409.8168025016785,200,1,0.02376605132997447,64,0.15000000000000002,0.0021177681384471334,5,0.020617943933616777,7,1900,900,3a0c9359
0.0836682990193367,0.09584397822618484,0.8586801290512085,0.24727968871593475,0.0836682990193367,199,5000,1763063877,checkpoint_000199,True,False,200,61ea98fd,2025-11-13_19-57-57,6.8250579833984375,1382.633285999298,591312,gpu012,10.100.20.12,1382.633285999298,200,2,0.7551338232782625,256,0.35000000000000003,0.0002843031285297491,3,0.010229952030915476,41,2200,1800,61ea98fd
0.002916289260610938,6.42486293145339e-06,0.8437381982803345,0.8082966208457947,0.002916289260610938,199,78400,1763065648,checkpoint_000199,True,False,200,6f619f13,2025-11-13_20-27-29,12.038288116455078,2446.0114483833313,622015,gpu012,10.100.20.12,2446.0114483833313,200,2,0.04525293981105904,16,0.0,0.0006255037625662616,5,0.6563220156038582,59,900,2300,6f619f13
0.0016896571032702923,0.002441914053633809,0.8409913182258606,0.9012435674667358,0.0016896571032702923,199,19600,1763064812,checkpoint_000199,True,False,200,0ecce211,2025-11-13_20-13-32,4.475162506103516,905.0346240997314,646929,gpu012,10.100.20.12,905.0346240997314,200,2,0.06518109753209103,64,0.0,0.00044321563823392746,3,0.010506319435427817,87,800,1800,0ecce211
0.08712292462587357,0.09553176909685135,0.8524832725524902,0.24494919180870056,0.08712292462587357,199,19600,1763065693,checkpoint_000199,True,False,200,1c6aa8b3,2025-11-13_20-28-14,4.783822059631348,855.4415559768677,692214,gpu012,10.100.20.12,855.4415559768677,200,2,0.15721355409273213,64,0.0,0.00014844209921492194,3,0.11501378139544864,84,800,1300,1c6aa8b3
0.005004093050956726,0.0068873269483447075,0.8396875858306885,0.6749895811080933,0.005004093050956726,199,9800,1763067220,checkpoint_000199,True,False,200,2009d705,2025-11-13_20-53-40,7.638229846954346,1542.3260593414307,731819,gpu012,10.100.20.12,1542.3260593414307,200,1,0.17223313498593049,128,0.2,0.0007191552824599561,6,0.8884460682405527,19,2000,2200,2009d705
0.021523157134652138,0.02034083567559719,0.8668414950370789,0.42967575788497925,0.021523157134652138,199,5000,1763066541,checkpoint_000199,True,False,200,315f8976,2025-11-13_20-42-21,4.177109479904175,827.7213890552521,733852,gpu012,10.100.20.12,827.7213890552521,200,1,0.5420693592244334,256,0.4,0.0031103359632101836,4,0.11680412247306278,69,1100,1300,315f8976
0.004867155104875565,0.00669433455914259,0.8425054550170898,0.7507702708244324,0.004867155104875565,199,19600,1763067613,checkpoint_000199,True,False,200,12c59f40,2025-11-13_21-00-13,5.084207773208618,1042.7043466567993,775962,gpu012,10.100.20.12,1042.7043466567993,200,2,0.062115646489145894,64,0.2,0.0004182362644762536,4,0.2712352200101254,82,1300,800,12c59f40
0.10981322079896927,0.10774718970060349,0.8654847145080566,0.22413519024848938,0.10981322079896927,199,19600,1763068011,checkpoint_000199,True,False,200,40b5af3c,2025-11-13_21-06-51,3.6805543899536133,768.797101020813,809489,gpu012,10.100.20.12,768.797101020813,200,1,0.012717146167328426,64,0.0,0.0003888911056222462,3,0.05542035340736248,23,400,1500,40b5af3c
0.1663881093263626,0.19670608639717102,0.8538470268249512,0.2109796702861786,0.1663881093263626,199,5000,1763068816,checkpoint_000199,True,False,200,71b5d031,2025-11-13_21-20-17,5.634208917617798,1174.6527423858643,835459,gpu012,10.100.20.12,1174.6527423858643,200,1,0.19140541939049865,256,0.2,0.00015027137020187677,3,0.02908870539848528,55,2100,1300,71b5d031
0.0002001855318667367,0.000550264900084585,0.851995587348938,1.1166274547576904,0.0002001855318667367,199,5000,1763069627,checkpoint_000199,True,False,200,8d775125,2025-11-13_21-33-47,7.8865556716918945,1586.8897380828857,859115,gpu012,10.100.20.12,1586.8897380828857,200,2,0.08869012758676156,256,0.0,0.004783506135960282,4,0.013828068981940137,20,2400,1300,8d775125
0.00045072086504660547,1.2742060562231927e-06,0.8265286087989807,0.953822910785675,0.00045072086504660547,199,39200,1763070506,checkpoint_000199,True,False,200,3937852a,2025-11-13_21-48-27,8.231410264968872,1661.7963223457336,889786,gpu012,10.100.20.12,1661.7963223457336,200,2,0.2617548652730619,32,0.0,0.0057791978323769476,4,0.4166596782694961,70,1800,1500,3937852a
0.015565862879157066,0.016992300748825073,0.8360315561294556,0.5719577074050903,0.015565862879157066,199,39200,1763071607,checkpoint_000199,True,False,200,0a5457a7,2025-11-13_22-06-48,9.663082361221313,1947.6013793945312,918610,gpu012,10.100.20.12,1947.6013793945312,200,1,0.22368777656527336,32,0.1,0.00010541749956363284,6,0.0798471603038746,26,2100,1400,0a5457a7
0.021823912858963013,0.022037232294678688,0.8710157871246338,0.4481087028980255,0.021823912858963013,148,7301,1763071115,checkpoint_000148,True,False,149,40e7bf57,2025-11-13_21-58-35,3.8526053428649902,576.7554936408997,953942,gpu012,10.100.20.12,576.7554936408997,149,2,0.06577839256489168,128,0.3,0.0012855632895593316,2,0.517434547072615,72,1400,700,40e7bf57
0.1246475875377655,0.1655798852443695,0.8622045516967773,0.2149246633052826,0.1246475875377655,199,39200,1763072428,checkpoint_000199,True,False,200,fa63ccb5,2025-11-13_22-20-28,5.898641347885132,1254.2511970996857,987607,gpu012,10.100.20.12,1254.2511970996857,200,1,0.03134453565061461,32,0.0,0.00010007770422185586,3,0.02837069497479074,10,1300,2100,fa63ccb5
0.0738331601023674,0.06968607753515244,0.8539928793907166,0.2584497034549713,0.0738331601023674,149,29400,1763072522,checkpoint_000149,True,False,150,62e81da0,2025-11-13_22-22-02,5.786601543426514,851.724232673645,1008337,gpu012,10.100.20.12,851.724232673645,150,1,0.09024916952515599,32,0.0,0.0002259654736559139,2,0.017463948546098416,96,1200,1700,62e81da0
0.0005840508383698761,0.0009652115986682475,0.8435424566268921,1.1976239681243896,0.0005840508383698761,199,19600,1763073567,checkpoint_000199,True,False,200,336746a9,2025-11-13_22-39-27,5.321439266204834,1068.2487127780914,1051747,gpu012,10.100.20.12,1068.2487127780914,200,1,0.04410104474956476,64,0.0,0.0020197746041541232,3,0.07496238019763413,54,1700,300,336746a9
0.009004558436572552,0.00784846767783165,0.833073079586029,0.6991668939590454,0.009004558436572552,199,39200,1763073884,checkpoint_000199,True,False,200,c0e2c7de,2025-11-13_22-44-44,7.344965696334839,1305.6560440063477,1054552,gpu012,10.100.20.12,1305.6560440063477,200,1,0.733538067306635,32,0.05,0.00035283978071675814,4,0.8400794720187718,90,1300,800,c0e2c7de
0.009801005013287067,0.008901730179786682,0.8460602760314941,0.5830117464065552,0.009801005013287067,199,39200,1763075438,checkpoint_000199,True,False,200,de6063fd,2025-11-13_23-10-39,9.099813461303711,1840.5776269435883,1109163,gpu012,10.100.20.12,1840.5776269435883,200,1,0.6855682233668623,32,0.4,0.00025082879212669684,5,0.0318824062813063,46,2100,1900,de6063fd
0.009940571151673794,0.013166142627596855,0.8565273284912109,0.5670576095581055,0.009940571151673794,199,5000,1763074773,checkpoint_000199,True,False,200,24d12583,2025-11-13_22-59-33,4.173994302749634,863.927193403244,1121942,gpu012,10.100.20.12,863.927193403244,200,1,0.028167486088635476,256,0.3,0.0026182210694641467,5,0.10322535652797084,30,1200,800,24d12583
0.014757798984646797,0.02364777959883213,0.8503609299659729,0.5003573298454285,0.014757798984646797,199,5000,1763075664,checkpoint_000199,True,False,200,696e587f,2025-11-13_23-14-25,4.400168418884277,865.6158804893494,1163747,gpu012,10.100.20.12,865.6158804893494,200,1,0.0209610716825527,256,0.35000000000000003,0.0018715786086655672,4,0.21881279384424715,75,1200,1300,696e587f
0.000394513102946803,4.851380595027877e-07,0.8389501571655273,1.4307771921157837,0.000394513102946803,199,39200,1763077236,checkpoint_000199,True,False,200,8242d2a5,2025-11-13_23-40-37,8.86043381690979,1768.658271074295,1194803,gpu012,10.100.20.12,1768.658271074295,200,2,0.7445982569151344,32,0.0,0.00136411245413469,3,0.17552972578678436,55,2100,2400,8242d2a5
0.0016737403348088264,0.0003438127168919891,0.8595128059387207,0.9227811098098755,0.0016737403348088264,199,39200,1763077603,checkpoint_000199,True,False,200,8842cdb3,2025-11-13_23-46-44,9.315551519393921,1908.8438274860382,1205570,gpu012,10.100.20.12,1908.8438274860382,200,2,0.1527307485609497,32,0.35000000000000003,0.0005947626855763684,5,0.11815621084151694,58,1800,2000,8842cdb3
0.0002456641523167491,4.870250904787099e-06,0.8610239028930664,0.9344403743743896,0.0002456641523167491,199,19600,1763078657,checkpoint_000199,True,False,200,ce3617f5,2025-11-14_00-04-17,6.998689413070679,1395.684315919876,1260560,gpu012,10.100.20.12,1395.684315919876,200,1,0.1932113101590144,64,0.0,0.001329775354021746,6,0.1522905311652806,45,1800,1100,ce3617f5
0.0012351216282695532,0.0005163396708667278,0.8398712277412415,0.978491485118866,0.0012351216282695532,199,39200,1763078932,checkpoint_000199,True,False,200,4cf5e1ca,2025-11-14_00-08-52,6.335001230239868,1301.6125400066376,1274365,gpu012,10.100.20.12,1301.6125400066376,200,2,0.06605607672321322,32,0.0,0.00025641612499447146,2,0.0730967989115941,77,1500,1700,4cf5e1ca
0.03262805938720703,0.06034509465098381,0.8307905793190002,0.43422430753707886,0.03262805938720703,199,39200,1763080089,checkpoint_000199,True,False,200,77b30e1d,2025-11-14_00-28-09,6.988201141357422,1408.9207186698914,1322630,gpu012,10.100.20.12,1408.9207186698914,200,1,0.041654197531872675,32,0.25,0.00012286302122987725,4,0.652744584297665,18,1500,1100,77b30e1d
0.0006525825592689216,0.001678630243986845,0.8591897487640381,1.0458585023880005,0.0006525825592689216,199,19600,1763080109,checkpoint_000199,True,False,200,75a3d101,2025-11-14_00-28-29,5.777272939682007,1154.0824463367462,1335728,gpu012,10.100.20.12,1154.0824463367462,200,2,0.608943366433319,64,0.15000000000000002,0.0007560973956678508,4,0.0264042639584858,62,1600,1000,75a3d101
0.24316594004631042,0.22042657434940338,0.7522140741348267,0.26955142617225647,0.24316594004631042,10,275,1763080210,checkpoint_000010,True,False,11,5571df14,2025-11-14_00-30-11,8.482417106628418,103.78346729278564,1391735,gpu012,10.100.20.12,103.78346729278564,11,2,0.0254424784122926,256,0.0,0.000447464712308428,5,0.10200922431591174,58,2400,1400,5571df14
0.23748230934143066,0.22480013966560364,0.7779944539070129,0.25754261016845703,0.23748230934143066,7,200,1763080187,checkpoint_000007,True,False,8,c655f158,2025-11-14_00-29-47,6.959923505783081,65.88505864143372,1392602,gpu012,10.100.20.12,65.88505864143372,8,1,0.012306996711338766,256,0.4,0.006432556639945765,5,0.17396232482570775,61,2100,900,c655f158
0.14393724501132965,0.16447097063064575,0.8657467365264893,0.2065739929676056,0.14393724501132965,199,5000,1763081364,checkpoint_000199,True,False,200,3c0a73d4,2025-11-14_00-49-24,5.977705240249634,1145.1400878429413,1395663,gpu012,10.100.20.12,1145.1400878429413,200,2,0.031202977852662125,256,0.15000000000000002,0.00017497210190879314,2,0.014773803572345931,86,2100,1700,3c0a73d4
0.021935775876045227,0.029031479731202126,0.8295751810073853,0.5097656846046448,0.021935775876045227,199,9800,1763081392,checkpoint_000199,True,False,200,86e0ecff,2025-11-14_00-49-52,5.634967803955078,1154.1125962734222,1396421,gpu012,10.100.20.12,1154.1125962734222,200,2,0.012762550760513166,128,0.0,0.00030830623681664057,3,0.01122956502079876,93,1900,1300,86e0ecff
0.000184205622645095,0.00010124403343070298,0.8497359752655029,1.0383411645889282,0.000184205622645095,199,9800,1763082400,checkpoint_000199,True,False,200,e66a8a2c,2025-11-14_01-06-40,4.861905336380005,1011.8314826488495,1449355,gpu012,10.100.20.12,1011.8314826488495,200,1,0.014344961501402383,128,0.0,0.00481176342405285,5,0.03215661638711868,40,1400,1900,e66a8a2c
0.15607762336730957,0.1811847984790802,0.8598354458808899,0.20828785002231598,0.15607762336730957,199,9800,1763082490,checkpoint_000199,True,False,200,fd0ed77c,2025-11-14_01-08-11,5.228572845458984,1077.6958384513855,1450339,gpu012,10.100.20.12,1077.6958384513855,200,1,0.010319641073669977,128,0.0,0.00011381583294454103,3,0.021920084786728584,86,1900,1300,fd0ed77c
0.026212617754936218,0.038844697177410126,0.8693399429321289,0.45267483592033386,0.026212617754936218,199,19600,1763083486,checkpoint_000199,True,False,200,e4847ca3,2025-11-14_01-24-46,5.090986490249634,1061.048079252243,1502421,gpu012,10.100.20.12,1061.048079252243,200,2,0.019050778553260053,64,0.35000000000000003,0.003344572450672105,6,0.03306437356352013,14,500,1700,e4847ca3
0.0017739619361236691,0.00420951284468174,0.8464793562889099,0.8557356595993042,0.0017739619361236691,199,5000,1763083675,checkpoint_000199,True,False,200,dc8382f5,2025-11-14_01-27-55,5.827303171157837,1159.2338886260986,1506810,gpu012,10.100.20.12,1159.2338886260986,200,1,0.04638783223350383,256,0.05,0.0010573376044838163,4,0.08376915722137084,58,1800,1500,dc8382f5
0.16511470079421997,0.18775233626365662,0.8572125434875488,0.20964129269123077,0.16511470079421997,199,9800,1763084269,checkpoint_000199,True,False,200,4a8206d5,2025-11-14_01-37-49,3.8926000595092773,761.613119840622,1556464,gpu012,10.100.20.12,761.613119840622,200,1,0.3228620953211295,128,0.15000000000000002,0.0001064067843405875,6,0.043294677319195445,83,600,1900,4a8206d5
0.08017588406801224,0.11099250614643097,0.8568509221076965,0.32893896102905273,0.08017588406801224,67,13328,1763084294,checkpoint_000067,True,False,68,9953d10f,2025-11-14_01-38-14,9.13696813583374,600.5044696331024,1566780,gpu012,10.100.20.12,600.5044696331024,68,2,0.06955614783386216,32,0.2,0.005257680697842348,5,0.14478575048472495,16,1900,1200,9953d10f
0.0414305180311203,0.09089106321334839,0.8550493121147156,0.4622561037540436,0.0414305180311203,199,78400,1763086599,checkpoint_000199,True,False,200,de7562da,2025-11-14_02-16-39,11.822170734405518,2307.7737743854523,1598838,gpu012,10.100.20.12,2307.7737743854523,200,2,0.031148688982649612,16,0.2,0.006135938496120416,4,0.03284708391112031,86,1400,1200,de7562da
0.0007077396148815751,3.670287469503819e-06,0.8491312861442566,1.009766697883606,0.0007077396148815751,199,78400,1763086984,checkpoint_000199,True,False,200,e59c1a1b,2025-11-14_02-23-04,12.38908314704895,2672.00293302536,1599592,gpu012,10.100.20.12,2672.00293302536,200,1,0.5119375009287981,16,0.0,0.004011120384804886,6,0.37712409393715385,79,1600,1400,e59c1a1b
0.05329698696732521,0.05920013412833214,0.8711100220680237,0.3506244421005249,0.05329698696732521,199,19600,1763087552,checkpoint_000199,True,False,200,69e3dec7,2025-11-14_02-32-32,4.903753042221069,931.1566467285156,1660695,gpu012,10.100.20.12,931.1566467285156,200,2,0.04949154653017048,64,0.35000000000000003,0.006049485537108195,4,0.01790233746512545,33,500,1800,69e3dec7
0.0009630103595554829,4.296844053897075e-06,0.8045103549957275,2.0361361503601074,0.0009630103595554829,199,78400,1763089325,checkpoint_000199,True,False,200,dcf20bf6,2025-11-14_03-02-06,11.627063035964966,2313.4469723701477,1677786,gpu012,10.100.20.12,2313.4469723701477,200,2,0.11424842412255769,16,0.0,0.009309647067952273,2,0.18930625532200876,49,2300,2300,dcf20bf6
0.004373891279101372,0.0018384297145530581,0.8113827705383301,1.4623388051986694,0.004373891279101372,199,78400,1763089880,checkpoint_000199,True,False,200,a3a9414c,2025-11-14_03-11-21,11.432302713394165,2299.4985246658325,1703772,gpu012,10.100.20.12,2299.4985246658325,200,2,0.8971807378682084,16,0.0,0.008066217952438719,2,0.29426254212513187,99,2300,2400,a3a9414c
0.00040537287713959813,2.471988693741878e-07,0.8334629535675049,1.384423017501831,0.00040537287713959813,199,39200,1763091065,checkpoint_000199,True,False,200,a36df241,2025-11-14_03-31-05,8.473838806152344,1707.5670340061188,1753237,gpu012,10.100.20.12,1707.5670340061188,200,2,0.4534477276587127,32,0.0,0.0013188186442555294,2,0.156298202243305,66,2200,2300,a36df241
0.04822641983628273,0.08772843331098557,0.7863262295722961,2.0044608116149902,0.04822641983628273,199,78400,1763092252,checkpoint_000199,True,False,200,28e64352,2025-11-14_03-50-52,12.138926029205322,2341.831783771515,1771354,gpu012,10.100.20.12,2341.831783771515,200,2,0.11395021405366042,16,0.0,0.009785752132965422,2,0.16341878899639958,1,2400,2400,28e64352
0.0012193711008876562,2.568580566730816e-05,0.8222408890724182,1.2988452911376953,0.0012193711008876562,199,78400,1763093364,checkpoint_000199,True,False,200,cabf3b5d,2025-11-14_04-09-24,11.350805759429932,2268.9656903743744,1809985,gpu012,10.100.20.12,2268.9656903743744,200,2,0.9345624823577157,16,0.0,0.006847813928227525,2,0.30583152719686346,48,2300,2200,cabf3b5d
0.0013405663194134831,1.6873642380232923e-05,0.8316774368286133,1.5981764793395996,0.0013405663194134831,199,78400,1763094327,checkpoint_000199,True,False,200,13c57255,2025-11-14_04-25-27,10.305086135864258,2047.2498002052307,1843301,gpu012,10.100.20.12,2047.2498002052307,200,2,0.33474691009838764,16,0.0,0.009358861871765422,2,0.2615038436656754,33,2300,500,13c57255
0.010711944662034512,0.003887839149683714,0.8062359690666199,1.1205743551254272,0.010711944662034512,199,78400,1763095722,checkpoint_000199,True,False,200,935dd49f,2025-11-14_04-48-42,12.106715679168701,2327.4358632564545,1876928,gpu012,10.100.20.12,2327.4358632564545,200,2,0.10333613252721346,16,0.0,0.009588174791390623,2,0.057458306071783365,2,2400,2000,935dd49f
0.1851784586906433,0.3072453737258911,0.8368037343025208,1.6406819820404053,0.1851784586906433,199,78400,1763096644,checkpoint_000199,True,False,200,47ab045c,2025-11-14_05-04-04,11.944981575012207,2287.2104427814484,1907014,gpu012,10.100.20.12,2287.2104427814484,200,2,0.11587996315961893,16,0.3,0.008103726019043508,2,0.5424768123522942,1,2200,2200,47ab045c
0.0030454243533313274,0.00013219147513154894,0.8238344788551331,1.2261435985565186,0.0030454243533313274,199,78400,1763098053,checkpoint_000199,True,False,200,99c2fff7,2025-11-14_05-27-34,10.937103271484375,2296.833159685135,1945674,gpu012,10.100.20.12,2296.833159685135,200,2,0.08407579496749586,16,0.25,0.002582412274562153,2,0.19410819103027568,99,2400,2100,99c2fff7
0.003907390870153904,0.0020353910513222218,0.843985915184021,0.828483521938324,0.003907390870153904,199,78400,1763098806,checkpoint_000199,True,False,200,432e45e5,2025-11-14_05-40-06,10.683540344238281,2120.62709069252,1970916,gpu012,10.100.20.12,2120.62709069252,200,2,0.08134186970101921,16,0.1,0.00422238759233169,2,0.043062436137466756,4,2000,1600,432e45e5
0.0006725499406456947,2.0101006157347e-06,0.8296412229537964,1.431803822517395,0.0006725499406456947,199,78400,1763100414,checkpoint_000199,True,False,200,cdd2d114,2025-11-14_06-06-54,11.533205270767212,2329.44526386261,2012428,gpu012,10.100.20.12,2329.44526386261,200,2,0.11812240467608284,16,0.0,0.0016809973523095123,2,0.22868623399125604,13,2300,2400,cdd2d114
0.003785163862630725,0.002017152728512883,0.8231272101402283,1.4181402921676636,0.003785163862630725,199,78400,1763100623,checkpoint_000199,True,False,200,6f1bf910,2025-11-14_06-10-23,8.883843660354614,1793.7240862846375,2034118,gpu012,10.100.20.12,1793.7240862846375,200,2,0.26381180015669486,16,0.0,0.0075876679602584944,2,0.35421800519422647,7,1000,2300,6f1bf910
0.0008476623916067183,2.264285103592556e-05,0.8383222818374634,0.8623966574668884,0.0008476623916067183,108,42728,1763101589,checkpoint_000108,True,False,109,a392c838,2025-11-14_06-26-30,10.666805744171143,1151.2353553771973,2085475,gpu012,10.100.20.12,1151.2353553771973,109,2,0.14012634487615722,16,0.0,0.0027821249739890704,3,0.13132618989647302,23,1700,2000,a392c838
0.000286377762677148,4.809213582923633e-10,0.8320868015289307,1.8633296489715576,0.000286377762677148,199,78400,1763102404,checkpoint_000199,True,False,200,687acd86,2025-11-14_06-40-04,8.719372272491455,1755.7151288986206,2092277,gpu012,10.100.20.12,1755.7151288986206,200,2,0.07659002916764518,16,0.0,0.0036799204430278047,2,0.09815757194831527,37,800,2300,687acd86
0.03342869505286217,0.006976079195737839,0.8200607299804688,0.8818623423576355,0.03342869505286217,199,78400,1763103830,checkpoint_000199,True,False,200,66930de2,2025-11-14_07-03-50,11.034229278564453,2204.8414211273193,2125397,gpu012,10.100.20.12,2204.8414211273193,200,2,0.2638638727993243,16,0.0,0.009662600974363465,3,0.740074673118786,33,2200,300,66930de2
0.0004249295452609658,1.7595218650967581e-06,0.837544858455658,1.7256988286972046,0.0004249295452609658,199,78400,1763104624,checkpoint_000199,True,False,200,9c4b0bf7,2025-11-14_07-17-05,10.84650707244873,2191.5406696796417,2151749,gpu012,10.100.20.12,2191.5406696796417,200,2,0.056077530961171,16,0.0,0.006859444161376985,3,0.14785769009002162,26,1700,2000,9c4b0bf7
0.000282790744677186,3.0321438693192704e-09,0.8478927612304688,1.80039644241333,0.000282790744677186,199,78400,1763105559,checkpoint_000199,True,False,200,4d98bbaf,2025-11-14_07-32-39,8.209603309631348,1704.6019039154053,2193326,gpu012,10.100.20.12,1704.6019039154053,200,2,0.12981776798749506,16,0.0,0.002817995151036977,2,0.09088679985434686,44,700,2100,4d98bbaf
0.00037497744779102504,4.6520645669012595e-10,0.8332169055938721,1.8986024856567383,0.00037497744779102504,199,78400,1763106469,checkpoint_000199,True,False,200,7d0e2365,2025-11-14_07-47-49,8.562429904937744,1818.7839806079865,2220134,gpu012,10.100.20.12,1818.7839806079865,200,2,0.09951700942695285,16,0.0,0.004009811270026411,2,0.1352695652422446,53,1000,2200,7d0e2365
0.00021510188526008278,6.42612796308839e-10,0.8538815975189209,1.715412974357605,0.00021510188526008278,199,78400,1763107271,checkpoint_000199,True,False,200,e02296da,2025-11-14_08-01-11,8.6378653049469,1689.0059459209442,2254224,gpu012,10.100.20.12,1689.0059459209442,200,2,0.07439944533888396,16,0.0,0.0037045877889594213,2,0.061562507633021506,36,300,2400,e02296da
0.0002763728844001889,5.310494266552723e-10,0.8446829319000244,1.6992900371551514,0.0002763728844001889,199,78400,1763108587,checkpoint_000199,True,False,200,c09d2079,2025-11-14_08-23-07,11.084682703018188,2091.1347150802612,2288139,gpu012,10.100.20.12,2091.1347150802612,200,2,0.1406918925879694,16,0.0,0.0023387938038348065,3,0.04753699202648905,63,800,2300,c09d2079
0.00048412734759040177,5.845525841152721e-09,0.8227627277374268,1.672196865081787,0.00048412734759040177,199,78400,1763109196,checkpoint_000199,True,False,200,0b5667d9,2025-11-14_08-33-16,9.489273309707642,1899.4392323493958,2315461,gpu012,10.100.20.12,1899.4392323493958,200,2,0.21639864510528706,16,0.0,0.004637533984712503,2,0.12069737872511195,51,1000,2200,0b5667d9
0.0008156523108482361,1.1207405670177195e-08,0.8181686401367188,1.4342780113220215,0.0008156523108482361,199,78400,1763110616,checkpoint_000199,True,False,200,2d869a64,2025-11-14_08-56-56,10.26348876953125,2005.550493478775,2358629,gpu012,10.100.20.12,2005.550493478775,200,2,0.16852848594633132,16,0.0,0.006849427494449492,3,0.1404234253941313,74,1000,1600,2d869a64
0.0004850242112297565,6.96867843430482e-08,0.8358282446861267,1.6137585639953613,0.0004850242112297565,199,78400,1763111021,checkpoint_000199,True,False,200,82236970,2025-11-14_09-03-42,9.362443447113037,1799.8871085643768,2378718,gpu012,10.100.20.12,1799.8871085643768,200,2,0.10146026963859968,16,0.0,0.003045874645859784,2,0.1743828828301433,61,700,2100,82236970
0.17132660746574402,0.35569116473197937,0.8522149324417114,0.26054900884628296,0.17132660746574402,199,78400,1763112606,checkpoint_000199,True,False,200,63c141fa,2025-11-14_09-30-06,10.3808434009552,1962.14573264122,2427031,gpu012,10.100.20.12,1962.14573264122,200,2,0.03735741485550977,16,0.4,0.008967779384335269,2,0.13248160114740853,52,1200,2000,63c141fa
0.0017575813690200448,4.0532574985263636e-07,0.8338505029678345,1.122865915298462,0.0017575813690200448,199,78400,1763112985,checkpoint_000199,True,False,200,9b656ba1,2025-11-14_09-36-25,9.87377405166626,1937.121334552765,2440979,gpu012,10.100.20.12,1937.121334552765,200,2,0.05465976635411252,16,0.05,0.0016154377766267713,2,0.46486829248459854,71,1100,2200,9b656ba1
0.009031449444591999,0.009185409173369408,0.857071578502655,0.6961848139762878,0.009031449444591999,199,9800,1763113943,checkpoint_000199,True,False,200,868dec72,2025-11-14_09-52-24,6.391446590423584,1307.423683166504,2493659,gpu012,10.100.20.12,1307.423683166504,200,2,0.2327351249521894,128,0.3,0.0054272266594260436,3,0.23892596342458194,48,2000,2400,868dec72
0.09451261162757874,0.2439671903848648,0.8403984904289246,0.4390757977962494,0.09451261162757874,199,78400,1763114899,checkpoint_000199,True,False,200,a8e880a0,2025-11-14_10-08-19,9.392882347106934,1890.0110700130463,2507298,gpu012,10.100.20.12,1890.0110700130463,200,2,0.08868811068151411,16,0.25,0.00831005797187204,2,0.19516719999269688,67,900,1900,a8e880a0
0.0006125241634435952,6.879898251099803e-07,0.8652071952819824,1.3191136121749878,0.0006125241634435952,199,78400,1763116021,checkpoint_000199,True,False,200,5ae16707,2025-11-14_10-27-02,9.967648267745972,2052.190670967102,2543713,gpu012,10.100.20.12,2052.190670967102,200,2,0.11285795267969068,16,0.1,0.001010439921175624,3,0.10311958038512466,22,1100,1800,5ae16707
0.01879517361521721,0.009856724180281162,0.8067432641983032,0.9321346282958984,0.01879517361521721,108,42728,1763116038,checkpoint_000108,True,False,109,f58aca01,2025-11-14_10-27-18,10.710868120193481,1117.1586203575134,2575139,gpu012,10.100.20.12,1117.1586203575134,109,2,0.14134466623209405,16,0.0,0.009964393046300906,2,0.3450292637024852,43,1500,2200,f58aca01
0.0005647887010127306,0.0009625531383790076,0.8409978747367859,1.0582374334335327,0.0005647887010127306,199,9800,1763116898,checkpoint_000199,True,False,200,7ced7050,2025-11-14_10-41-38,4.4816741943359375,853.7709565162659,2610424,gpu012,10.100.20.12,853.7709565162659,200,2,0.18735316909843003,128,0.0,0.004592072196277789,3,0.5594376698540244,27,700,2000,7ced7050
0.05543738231062889,0.07318446040153503,0.8497706651687622,0.30265718698501587,0.05543738231062889,199,5000,1763117030,checkpoint_000199,True,False,200,c654afd7,2025-11-14_10-43-51,5.194373846054077,962.2842907905579,2611179,gpu012,10.100.20.12,962.2842907905579,200,2,0.09403102492852393,256,0.0,0.0004960747040393711,2,0.05260849261038994,40,1200,2300,c654afd7
0.0006073785480111837,0.0014605127507820725,0.8316187858581543,1.2307591438293457,0.0006073785480111837,199,78400,1763118746,checkpoint_000199,True,False,200,8ab36049,2025-11-14_11-12-27,8.713644981384277,1825.202133178711,2661005,gpu012,10.100.20.12,1825.202133178711,200,2,0.0709223058684268,16,0.0,0.002347682241814475,2,0.33554165977101236,66,400,2400,8ab36049
0.0007754486869089305,1.2137262274336535e-05,0.7861860990524292,1.7873269319534302,0.0007754486869089305,199,78400,1763119128,checkpoint_000199,True,False,200,8b81b26e,2025-11-14_11-18-48,11.042710542678833,2071.3210637569427,2666726,gpu012,10.100.20.12,2071.3210637569427,200,2,0.13957807929741667,16,0.0,0.007217580817371112,3,0.17731814248701186,96,1500,1600,8b81b26e
0.026987126097083092,0.000723181408829987,0.8306891918182373,0.7757921814918518,0.026987126097083092,77,30576,1763119543,checkpoint_000077,True,False,78,897083cb,2025-11-14_11-25-43,9.756399154663086,776.8747355937958,2724100,gpu012,10.100.20.12,776.8747355937958,78,2,0.31978638139551097,16,0.0,0.006251243464704659,2,0.3981904870746944,43,1600,1800,897083cb
0.00022894059657119215,4.0125603845808655e-05,0.8564210534095764,1.2423717975616455,0.00022894059657119215,199,19600,1763120193,checkpoint_000199,True,False,200,969ab5ca,2025-11-14_11-36-33,5.158079624176025,1040.6769666671753,2736129,gpu012,10.100.20.12,1040.6769666671753,200,2,0.023498029677237447,64,0.0,0.003198593192725691,3,0.06667343307309105,16,900,2100,969ab5ca
