train_loss,train_loss_step,val/mse,val_loss,train_loss_epoch,epoch,step,timestamp,checkpoint_dir_name,should_checkpoint,done,training_iteration,trial_id,date,time_this_iter_s,time_total_s,pid,hostname,node_ip,time_since_restore,iterations_since_restore,config/train_loop_config/init_lr_ratio,config/train_loop_config/dropout,config/train_loop_config/max_lr,config/train_loop_config/warmup_epochs,config/train_loop_config/ffn_hidden_dim,config/train_loop_config/batch_size,config/train_loop_config/depth,config/train_loop_config/ffn_num_layers,config/train_loop_config/final_lr_ratio,config/train_loop_config/message_hidden_dim,logdir
0.06890959292650223,0.08451678603887558,0.1993759125471115,0.1993759125471115,0.06890959292650223,161,34020,1763158958,checkpoint_000161,True,False,162,740df6b2,2025-11-14_22-22-38,11.37032699584961,1913.7688148021698,198162,gypsum-gpu162,10.100.31.62,1913.7688148021698,162,0.015350058323922985,0.2,0.0038657504949304597,12,1700,16,5,1,0.2686346120241809,2300,740df6b2
0.5965538620948792,0.3865044414997101,0.6129446029663086,0.6129446029663086,0.5965538620948792,2,159,1763157119,checkpoint_000002,True,False,3,30201e67,2025-11-14_21-51-59,6.368398666381836,56.452316761016846,198405,gypsum-gpu162,10.100.31.62,56.452316761016846,3,0.5420255208414504,0.0,0.0024317064078608923,73,1500,64,5,2,0.01642599135140187,1500,30201e67
0.23242752254009247,0.30074697732925415,0.2956104576587677,0.2956104576587677,0.23242752254009247,199,2800,1763158018,checkpoint_000199,True,False,200,b9667f92,2025-11-14_22-06-58,4.69423508644104,845.8280556201935,200190,gypsum-gpu162,10.100.31.62,845.8280556201935,200,0.01807625731012587,0.05,0.00011354200216483246,4,1300,256,3,1,0.06511652117588944,1300,b9667f92
0.11112804710865021,0.08512265980243683,0.17366759479045868,0.17366759479045868,0.11112804710865021,199,21000,1763159172,checkpoint_000199,True,False,200,81f996a4,2025-11-14_22-26-12,5.242677927017212,1106.6709344387054,235901,gypsum-gpu162,10.100.31.62,1106.6709344387054,200,0.061153748243462945,0.35000000000000003,0.0002214188090951472,91,700,32,3,1,0.07512125897822718,600,81f996a4
0.016211824491620064,0.015319708734750748,0.20898643136024475,0.20898643136024475,0.016211824491620064,199,10600,1763160070,checkpoint_000199,True,False,200,a711287b,2025-11-14_22-41-10,4.6727378368377686,1046.8946695327759,273546,gypsum-gpu162,10.100.31.62,1046.8946695327759,200,0.3673883305724259,0.1,0.006128972399315077,83,1400,64,5,2,0.016353190554889485,900,a711287b
2.3304046408156864e-05,2.0365851014503278e-05,0.18105867505073547,0.18105867505073547,2.3304046408156864e-05,199,42000,1763161573,checkpoint_000199,True,False,200,409b23f2,2025-11-14_23-06-13,12.500221252441406,2348.6997640132904,282861,gypsum-gpu162,10.100.31.62,2348.6997640132904,200,0.021946359317642338,0.0,0.0003197990830689793,48,1700,16,6,2,0.02222172040491314,1300,409b23f2
0.10477845370769501,0.06789422035217285,0.18671879172325134,0.18671879172325134,0.10477845370769501,199,2800,1763161625,checkpoint_000199,True,False,200,d8b374a2,2025-11-14_23-07-06,6.916711807250977,1498.2491371631622,318731,gypsum-gpu162,10.100.31.62,1498.2491371631622,200,0.13991517772339898,0.35000000000000003,0.0002466137945092889,64,2300,256,4,2,0.042169726361395536,1400,d8b374a2
0.3351740837097168,0.3322967290878296,0.29784831404685974,0.29784831404685974,0.3351740837097168,6,371,1763161679,checkpoint_000006,True,False,7,20014326,2025-11-14_23-08-00,5.2189788818359375,69.96804022789001,361102,gypsum-gpu162,10.100.31.62,69.96804022789001,7,0.06703960197018434,0.0,0.005188093658601662,71,2100,64,5,2,0.8792865174208353,600,20014326
0.0004665882734116167,0.0003284382401034236,0.22554293274879456,0.22554293274879456,0.0004665882734116167,199,2800,1763163128,checkpoint_000199,True,False,200,bd09da3f,2025-11-14_23-32-09,7.2154035568237305,1459.6979732513428,362134,gypsum-gpu162,10.100.31.62,1459.6979732513428,200,0.026938625063762843,0.0,0.009600415414503648,28,400,256,5,1,0.012697938374386151,1900,bd09da3f
0.007769131567329168,0.006965196691453457,0.16545623540878296,0.16545622050762177,0.007769131567329168,199,42000,1763163421,checkpoint_000199,True,False,200,fdafa9c9,2025-11-14_23-37-01,9.509889602661133,1703.4181671142578,363615,gypsum-gpu162,10.100.31.62,1703.4181671142578,200,0.031150936131598892,0.05,0.000881870950740583,41,700,16,4,2,0.03507113101335751,300,fdafa9c9
6.023738387739286e-05,6.3251927713281475e-06,0.22120927274227142,0.22120927274227142,6.023738387739286e-05,199,10600,1763165122,checkpoint_000199,True,False,200,3790c183,2025-11-15_00-05-22,9.205531597137451,1953.2556405067444,413461,gypsum-gpu162,10.100.31.62,1953.2556405067444,200,0.19062047380510463,0.0,0.005397775403391675,50,2300,64,4,1,0.012976423029447038,1900,3790c183
0.0006402244907803833,0.0003860724391415715,0.19644379615783691,0.19644379615783691,0.0006402244907803833,199,21000,1763165668,checkpoint_000199,True,False,200,dbc92359,2025-11-15_00-14-28,9.359703302383423,2202.4005632400513,423713,gypsum-gpu162,10.100.31.62,2202.4005632400513,200,0.2618913912917298,0.0,0.0022115033272394305,30,300,32,4,2,0.3267581227557168,2200,dbc92359
0.048971980810165405,0.04038255661725998,0.17306584119796753,0.17306584119796753,0.048971980810165405,199,5400,1763166274,checkpoint_000199,True,False,200,fdf64423,2025-11-15_00-24-34,8.104270935058594,1105.3848013877869,468382,gypsum-gpu162,10.100.31.62,1105.3848013877869,200,0.38680438251474486,0.4,0.0004910275507234434,50,600,128,4,2,0.21711506882709483,1100,fdf64423
0.04055462405085564,0.027970386669039726,0.19933965802192688,0.19933965802192688,0.04055462405085564,165,8798,1763167656,checkpoint_000165,True,False,166,8d16c1e1,2025-11-15_00-47-36,9.5638427734375,1934.1970863342285,489190,gypsum-gpu162,10.100.31.62,1934.1970863342285,166,0.07068523003134888,0.3,0.002707486139269477,3,1400,64,2,2,0.011209522585777905,2300,8d16c1e1
0.03522253409028053,0.04066681116819382,0.19612589478492737,0.19612589478492737,0.03522253409028053,199,10600,1763167900,checkpoint_000199,True,False,200,91282ecc,2025-11-15_00-51-40,6.864166736602783,1578.3484218120575,509519,gypsum-gpu162,10.100.31.62,1578.3484218120575,200,0.4020431849331807,0.2,0.0034431959924975364,86,2000,64,4,2,0.6303801815612602,900,91282ecc
0.16416798532009125,0.10002918541431427,0.2347949743270874,0.23479494452476501,0.16416798532009125,17,1890,1763167963,checkpoint_000017,True,False,18,c2f1f968,2025-11-15_00-52-43,11.36722469329834,262.7280623912811,548637,gypsum-gpu162,10.100.31.62,262.7280623912811,18,0.011627283085174672,0.1,0.004146096370159047,38,2300,32,4,2,0.49201634210439465,2000,c2f1f968
0.023155484348535538,0.016027146950364113,0.1885543167591095,0.1885543167591095,0.023155484348535538,199,2800,1763168987,checkpoint_000199,True,False,200,d2227751,2025-11-15_01-09-47,7.057325839996338,1038.839030265808,555301,gypsum-gpu162,10.100.31.62,1038.839030265808,200,0.6402844912019816,0.0,0.0006133113864228081,42,1800,256,6,2,0.02248065304529669,400,d2227751
0.003583709942176938,0.006382417865097523,0.24636004865169525,0.24636003375053406,0.003583709942176938,199,10600,1763169768,checkpoint_000199,True,False,200,deb5aeaf,2025-11-15_01-22-48,13.845266103744507,1755.804077386856,556430,gypsum-gpu162,10.100.31.62,1755.804077386856,200,0.1277605906233864,0.0,0.0003995619008664398,19,600,64,3,1,0.12435847096952483,2300,deb5aeaf
0.05726899579167366,0.04139019176363945,0.17519143223762512,0.17519143223762512,0.05726899579167366,199,21000,1763170354,checkpoint_000199,True,False,200,c69b8d9f,2025-11-15_01-32-34,6.241128444671631,1315.4824602603912,593584,gypsum-gpu162,10.100.31.62,1315.4824602603912,200,0.05678693896039821,0.4,0.002097525369866808,37,2200,32,5,1,0.015646923793365165,500,c69b8d9f
0.021442975848913193,0.02581450156867504,0.18458950519561768,0.18458950519561768,0.021442975848913193,199,10600,1763170713,checkpoint_000199,True,False,200,b92606d1,2025-11-15_01-38-33,5.291029214859009,890.8255934715271,622999,gypsum-gpu162,10.100.31.62,890.8255934715271,200,0.1720704297876481,0.0,0.00037539683182145434,96,500,64,4,1,0.27698392227486124,600,b92606d1
0.005164514295756817,0.006963444873690605,0.21296899020671844,0.21296899020671844,0.005164514295756817,199,2800,1763171914,checkpoint_000199,True,False,200,150de8a2,2025-11-15_01-58-35,8.071152925491333,1510.5724275112152,653057,gypsum-gpu162,10.100.31.62,1510.5724275112152,200,0.3711812891020289,0.0,0.000443240141834771,10,1400,256,4,2,0.03767812674208911,2000,150de8a2
1.0008540153503418,1.083822250366211,1.0291779041290283,1.0291779041290283,1.0008540153503418,199,21000,1763172377,checkpoint_000199,True,False,200,be845f1c,2025-11-15_02-06-18,7.591589689254761,1618.186026096344,668960,gypsum-gpu162,10.100.31.62,1618.186026096344,200,0.14290101860287793,0.0,0.008942243948162065,55,2100,32,6,2,0.44832854436499076,1000,be845f1c
0.015349400229752064,0.01123598963022232,0.21856465935707092,0.21856465935707092,0.015349400229752064,55,5880,1763172423,checkpoint_000055,True,False,56,8eb03710,2025-11-15_02-07-03,8.343909502029419,461.5437080860138,708819,gypsum-gpu162,10.100.31.62,461.5437080860138,56,0.037751703726812434,0.0,0.005170171187308108,11,2100,32,3,1,0.06820138495896282,1800,8eb03710
0.43641185760498047,0.4108022451400757,0.43059733510017395,0.43059733510017395,0.43641185760498047,12,182,1763172477,checkpoint_000012,True,False,13,f3d628c1,2025-11-15_02-07-58,3.1740236282348633,67.4204478263855,724980,gypsum-gpu162,10.100.31.62,67.4204478263855,13,0.8406081742227066,0.15000000000000002,0.005595669736458433,93,600,256,3,1,0.06607336324355786,500,f3d628c1
0.01134565006941557,0.013478819280862808,0.20173701643943787,0.20173701643943787,0.01134565006941557,199,5400,1763174517,checkpoint_000199,True,False,200,1d040d27,2025-11-15_02-41-57,11.849121332168579,2051.731160879135,726266,gypsum-gpu162,10.100.31.62,2051.731160879135,200,0.03899161745429787,0.2,0.000889685203838667,58,1500,128,5,1,0.4823307731469042,2000,1d040d27
0.00982834491878748,0.010102802887558937,0.2158147245645523,0.2158147245645523,0.00982834491878748,131,6996,1763173728,checkpoint_000131,True,False,132,ed64ae89,2025-11-15_02-28-49,10.360328435897827,1214.9141592979431,728162,gypsum-gpu162,10.100.31.62,1214.9141592979431,132,0.02376605132997447,0.15000000000000002,0.0021177681384471334,7,900,64,5,1,0.020617943933616777,1900,ed64ae89
0.11190889775753021,0.11548282206058502,0.2060393989086151,0.2060393989086151,0.11190889775753021,62,882,1763174579,checkpoint_000062,True,False,63,68212654,2025-11-15_02-42-59,13.871441841125488,815.014536857605,763466,gypsum-gpu162,10.100.31.62,815.014536857605,63,0.7551338232782625,0.35000000000000003,0.0002843031285297491,41,1800,256,3,2,0.010229952030915476,2200,68212654
0.010779112577438354,0.010694492608308792,0.17310570180416107,0.17310570180416107,0.010779112577438354,105,22260,1763175894,checkpoint_000105,True,False,106,e5e8c717,2025-11-15_03-04-55,11.671150207519531,1332.5497424602509,778996,gypsum-gpu162,10.100.31.62,1332.5497424602509,106,0.04525293981105904,0.0,0.0006255037625662616,59,2300,16,5,2,0.6563220156038582,900,e5e8c717
0.004135714378207922,0.004299606196582317,0.1893138438463211,0.1893138438463211,0.004135714378207922,199,10600,1763175832,checkpoint_000199,True,False,200,f7de9ea7,2025-11-15_03-03-52,5.065428972244263,1213.225573539734,780107,gypsum-gpu162,10.100.31.62,1213.225573539734,200,0.06518109753209103,0.0,0.00044321563823392746,87,1800,64,3,2,0.010506319435427817,800,f7de9ea7
0.03057117387652397,0.01857592910528183,0.18280281126499176,0.18280281126499176,0.03057117387652397,199,10600,1763177070,checkpoint_000199,True,False,200,484385b9,2025-11-15_03-24-30,4.619333744049072,1180.6787912845612,823787,gypsum-gpu162,10.100.31.62,1180.6787912845612,200,0.15721355409273213,0.0,0.00014844209921492194,84,1300,64,3,2,0.11501378139544864,800,484385b9
0.009151501581072807,0.010432679206132889,0.20557615160942078,0.20557615160942078,0.009151501581072807,199,5400,1763178248,checkpoint_000199,True,False,200,0e153e39,2025-11-15_03-44-08,17.627098560333252,2297.4808809757233,825063,gypsum-gpu162,10.100.31.62,2297.4808809757233,200,0.17223313498593049,0.2,0.0007191552824599561,19,2200,128,6,1,0.8884460682405527,2000,0e153e39
0.05692416429519653,0.027782469987869263,0.18497440218925476,0.18497440218925476,0.05692416429519653,199,2800,1763178256,checkpoint_000199,True,False,200,0bcdc1ae,2025-11-15_03-44-16,5.612614154815674,1140.2063972949982,864842,gypsum-gpu162,10.100.31.62,1140.2063972949982,200,0.5420693592244334,0.4,0.0031103359632101836,69,1300,256,4,1,0.11680412247306278,1100,0bcdc1ae
0.018201585859060287,0.014885001815855503,0.18133486807346344,0.18133486807346344,0.018201585859060287,199,10600,1763179553,checkpoint_000199,True,False,200,308c8917,2025-11-15_04-05-53,7.872696399688721,1258.279331445694,901202,gypsum-gpu162,10.100.31.62,1258.279331445694,200,0.062115646489145894,0.2,0.0004182362644762536,82,800,64,4,2,0.2712352200101254,1300,308c8917
0.04796721413731575,0.028323471546173096,0.18560530245304108,0.18560530245304108,0.04796721413731575,199,10600,1763179186,checkpoint_000199,True,False,200,f473aa90,2025-11-15_03-59-46,3.887559413909912,870.3831024169922,901376,gypsum-gpu162,10.100.31.62,870.3831024169922,200,0.012717146167328426,0.0,0.0003888911056222462,23,1500,64,3,1,0.05542035340736248,400,f473aa90
0.16748712956905365,0.17306984961032867,0.2418898493051529,0.2418898493051529,0.16748712956905365,199,2800,1763181391,checkpoint_000199,True,False,200,99fa2e38,2025-11-15_04-36-32,10.212257146835327,2159.9769554138184,948305,gypsum-gpu162,10.100.31.62,2159.9769554138184,200,0.19140541939049865,0.2,0.00015027137020187677,55,1300,256,3,1,0.02908870539848528,2100,99fa2e38
0.000389466731576249,0.0009776533115655184,0.24266637861728668,0.24266637861728668,0.000389466731576249,199,2800,1763182408,checkpoint_000199,True,False,200,8c617fda,2025-11-15_04-53-29,12.905607461929321,2808.2879712581635,960862,gypsum-gpu162,10.100.31.62,2808.2879712581635,200,0.08869012758676156,0.0,0.004783506135960282,20,1300,256,4,2,0.013828068981940137,2400,8c617fda
0.0014544919831678271,0.0010289596393704414,0.19086642563343048,0.19086642563343048,0.0014544919831678271,199,21000,1763183624,checkpoint_000199,True,False,200,a4a3f4f0,2025-11-15_05-13-44,9.633255958557129,2181.922959804535,993141,gypsum-gpu162,10.100.31.62,2181.922959804535,200,0.2617548652730619,0.0,0.0057791978323769476,70,1500,32,4,2,0.4166596782694961,1800,a4a3f4f0
0.012203404679894447,0.01309016440063715,0.20204313099384308,0.20204311609268188,0.012203404679894447,199,21000,1763185081,checkpoint_000199,True,False,200,83cf5f02,2025-11-15_05-38-01,11.716207027435303,2623.325562953949,1015142,gypsum-gpu162,10.100.31.62,2623.325562953949,200,0.22368777656527336,0.1,0.00010541749956363284,26,1400,32,6,1,0.0798471603038746,2100,83cf5f02
0.03821360692381859,0.04635264724493027,0.18242602050304413,0.18242599070072174,0.03821360692381859,174,4725,1763184793,checkpoint_000174,True,False,175,b7e0091c,2025-11-15_05-33-13,5.168025493621826,1114.4281358718872,1046361,gypsum-gpu162,10.100.31.62,1114.4281358718872,175,0.06577839256489168,0.3,0.0012855632895593316,72,700,128,2,2,0.517434547072615,1400,b7e0091c
0.16011571884155273,0.10563762485980988,0.2618706524372101,0.2618706524372101,0.16011571884155273,37,3990,1763185136,checkpoint_000037,True,False,38,a6e70eca,2025-11-15_05-38-57,6.244445323944092,306.02829003334045,1082076,gypsum-gpu162,10.100.31.62,306.02829003334045,38,0.03134453565061461,0.0,0.00010007770422185586,10,2100,32,3,1,0.02837069497479074,1300,a6e70eca
0.028412748128175735,0.018037758767604828,0.18121570348739624,0.18121570348739624,0.028412748128175735,199,21000,1763186566,checkpoint_000199,True,False,200,6ab8e1cd,2025-11-15_06-02-46,6.456578254699707,1435.0681517124176,1090628,gypsum-gpu162,10.100.31.62,1435.0681517124176,200,0.09024916952515599,0.0,0.0002259654736559139,96,1700,32,2,1,0.017463948546098416,1200,6ab8e1cd
0.000842882611323148,0.0004484974197112024,0.24131585657596588,0.2413158416748047,0.000842882611323148,199,10600,1763186589,checkpoint_000199,True,False,200,5343e5fe,2025-11-15_06-03-09,5.828291893005371,1404.4288268089294,1092132,gypsum-gpu162,10.100.31.62,1404.4288268089294,200,0.04410104474956476,0.0,0.0020197746041541232,54,300,64,3,1,0.07496238019763413,1700,5343e5fe
0.007762170862406492,0.006185203790664673,0.19710128009319305,0.19710128009319305,0.007762170862406492,199,21000,1763188143,checkpoint_000199,True,False,200,0fe77f08,2025-11-15_06-29-03,9.295448303222656,1537.8707790374756,1149040,gypsum-gpu162,10.100.31.62,1537.8707790374756,200,0.733538067306635,0.05,0.00035283978071675814,90,800,32,4,1,0.8400794720187718,1300,0fe77f08
0.025261569768190384,0.024931147694587708,0.2100871056318283,0.21008709073066711,0.025261569768190384,129,13650,1763188180,checkpoint_000129,True,False,130,524e0116,2025-11-15_06-29-40,8.730478525161743,1558.9858994483948,1149471,gypsum-gpu162,10.100.31.62,1558.9858994483948,130,0.6855682233668623,0.4,0.00025082879212669684,46,1900,32,5,1,0.0318824062813063,2100,524e0116
0.023515792563557625,0.03238081932067871,0.1948249638080597,0.1948249638080597,0.023515792563557625,199,2800,1763189369,checkpoint_000199,True,False,200,743546ff,2025-11-15_06-49-29,6.200467109680176,1178.4691398143768,1198756,gypsum-gpu162,10.100.31.62,1178.4691398143768,200,0.028167486088635476,0.3,0.0026182210694641467,30,800,256,5,1,0.10322535652797084,1200,743546ff
0.03313124179840088,0.01942964270710945,0.18011285364627838,0.18011285364627838,0.03313124179840088,199,2800,1763189392,checkpoint_000199,True,False,200,9db4314e,2025-11-15_06-49-52,5.8356547355651855,1167.9683184623718,1199763,gypsum-gpu162,10.100.31.62,1167.9683184623718,200,0.0209610716825527,0.35000000000000003,0.0018715786086655672,75,1300,256,4,1,0.21881279384424715,1200,9db4314e
0.7301705479621887,0.9027029871940613,0.6120362877845764,0.6120362877845764,0.7301705479621887,1,210,1763189450,checkpoint_000001,True,False,2,ece8096c,2025-11-15_06-50-50,9.084158182144165,40.40781807899475,1245111,gypsum-gpu162,10.100.31.62,40.40781807899475,2,0.7445982569151344,0.0,0.00136411245413469,55,2400,32,3,2,0.17552972578678436,2100,ece8096c
0.46288245916366577,0.41044139862060547,0.40763381123542786,0.40763381123542786,0.46288245916366577,5,630,1763189511,checkpoint_000005,True,False,6,1e18881a,2025-11-15_06-51-51,8.583556890487671,78.50330519676208,1245567,gypsum-gpu162,10.100.31.62,78.50330519676208,6,0.1527307485609497,0.35000000000000003,0.0005947626855763684,58,2000,32,5,2,0.11815621084151694,1800,1e18881a
0.507689356803894,0.4022160768508911,0.4585190713405609,0.4585190713405609,0.507689356803894,4,265,1763189555,checkpoint_000004,True,False,5,4214d051,2025-11-15_06-52-35,7.546241760253906,67.25274300575256,1246576,gypsum-gpu162,10.100.31.62,67.25274300575256,5,0.1932113101590144,0.0,0.001329775354021746,45,1100,64,6,1,0.1522905311652806,1800,4214d051
0.0404885970056057,0.031810544431209564,0.19070573151111603,0.19070573151111603,0.0404885970056057,90,9555,1763190398,checkpoint_000090,True,False,91,9326d331,2025-11-15_07-06-38,15.142861366271973,857.076639175415,1247765,gypsum-gpu162,10.100.31.62,857.076639175415,91,0.06605607672321322,0.0,0.00025641612499447146,77,1700,32,2,2,0.0730967989115941,1500,9326d331
0.026725023984909058,0.02778623066842556,0.18301308155059814,0.18301308155059814,0.026725023984909058,199,21000,1763191365,checkpoint_000199,True,False,200,80b9dbcb,2025-11-15_07-22-45,8.264348268508911,1766.9945404529572,1248900,gypsum-gpu162,10.100.31.62,1766.9945404529572,200,0.041654197531872675,0.25,0.00012286302122987725,18,1100,32,4,1,0.652744584297665,1500,80b9dbcb
0.011377779766917229,0.006949849892407656,0.18909001350402832,0.18909001350402832,0.011377779766917229,111,5936,1763191429,checkpoint_000111,True,False,112,709120fd,2025-11-15_07-23-49,9.46813440322876,989.9832983016968,1276428,gypsum-gpu162,10.100.31.62,989.9832983016968,112,0.608943366433319,0.15000000000000002,0.0007560973956678508,62,1000,64,4,2,0.0264042639584858,1600,709120fd
0.003938046284019947,0.004998581483960152,0.17861226201057434,0.17861224710941315,0.003938046284019947,199,2800,1763194481,checkpoint_000199,True,False,200,b0cc1cf4,2025-11-15_08-14-41,9.919018030166626,3057.0401191711426,1307025,gypsum-gpu162,10.100.31.62,3057.0401191711426,200,0.0254424784122926,0.0,0.000447464712308428,58,1400,256,5,2,0.10200922431591174,2400,b0cc1cf4
0.32347196340560913,0.2595709562301636,0.40442055463790894,0.40442055463790894,0.32347196340560913,22,322,1763191777,checkpoint_000022,True,False,23,9d06ca5b,2025-11-15_07-29-37,16.21454381942749,304.1501305103302,1308591,gypsum-gpu162,10.100.31.62,304.1501305103302,23,0.012306996711338766,0.4,0.006432556639945765,61,900,256,5,1,0.17396232482570775,2100,9d06ca5b
0.13819055259227753,0.10085959732532501,0.2131451964378357,0.2131451964378357,0.13819055259227753,132,1862,1763193563,checkpoint_000132,True,False,133,63669545,2025-11-15_07-59-23,15.70276165008545,1723.4982430934906,1314340,gypsum-gpu162,10.100.31.62,1723.4982430934906,133,0.031202977852662125,0.15000000000000002,0.00017497210190879314,86,1700,256,2,2,0.014773803572345931,2100,63669545
0.01222260482609272,0.01082729734480381,0.1913774460554123,0.1913774460554123,0.01222260482609272,199,5400,1763195358,checkpoint_000199,True,False,200,72fed94d,2025-11-15_08-29-19,6.996660232543945,1728.9796922206879,1342421,gypsum-gpu162,10.100.31.62,1728.9796922206879,200,0.012762550760513166,0.0,0.00030830623681664057,93,1300,128,3,2,0.01122956502079876,1900,72fed94d
0.00019277683168184012,7.051150896586478e-05,0.22440673410892487,0.22440673410892487,0.00019277683168184012,134,3645,1763195423,checkpoint_000134,True,False,135,b9963dcd,2025-11-15_08-30-23,4.924633979797363,890.7913565635681,1362308,gypsum-gpu162,10.100.31.62,890.7913565635681,135,0.014344961501402383,0.0,0.00481176342405285,40,1900,128,5,1,0.03215661638711868,1400,b9963dcd
0.4421185553073883,0.2954868674278259,0.42534804344177246,0.42534804344177246,0.4421185553073883,42,1161,1763195738,checkpoint_000042,True,False,43,7094c50f,2025-11-15_08-35-39,12.40619707107544,338.3424038887024,1392659,gypsum-gpu162,10.100.31.62,338.3424038887024,43,0.010319641073669977,0.0,0.00011381583294454103,86,1300,128,3,1,0.021920084786728584,1900,7094c50f
0.11783666163682938,0.1331474483013153,0.1958465576171875,0.1958465576171875,0.11783666163682938,52,2809,1763195790,checkpoint_000052,True,False,53,77b1b264,2025-11-15_08-36-30,4.707474708557129,329.20014095306396,1394391,gypsum-gpu162,10.100.31.62,329.20014095306396,53,0.019050778553260053,0.35000000000000003,0.003344572450672105,14,1700,64,6,2,0.03306437356352013,500,77b1b264
0.008039594627916813,0.014161200262606144,0.1898638755083084,0.1898638755083084,0.008039594627916813,199,2800,1763197387,checkpoint_000199,True,False,200,9d123194,2025-11-15_09-03-07,10.435332536697388,1601.9846329689026,1406153,gypsum-gpu162,10.100.31.62,1601.9846329689026,200,0.04638783223350383,0.05,0.0010573376044838163,58,1500,256,4,1,0.08376915722137084,1800,9d123194
0.19445201754570007,0.21021713316440582,0.28532251715660095,0.28532251715660095,0.19445201754570007,199,5400,1763196706,checkpoint_000199,True,False,200,dc3b9faf,2025-11-15_08-51-46,4.250071287155151,879.2583448886871,1407868,gypsum-gpu162,10.100.31.62,879.2583448886871,200,0.3228620953211295,0.15000000000000002,0.0001064067843405875,83,1900,128,6,1,0.043294677319195445,600,dc3b9faf
0.045095331966876984,0.04610293731093407,0.19648341834545135,0.19648341834545135,0.045095331966876984,199,21000,1763198914,checkpoint_000199,True,False,200,556a8477,2025-11-15_09-28-35,9.336669445037842,2154.406896829605,1448109,gypsum-gpu162,10.100.31.62,2154.406896829605,200,0.06955614783386216,0.2,0.005257680697842348,16,1200,32,5,2,0.14478575048472495,1900,556a8477
0.12555576860904694,0.22183409333229065,0.18990668654441833,0.18990668654441833,0.12555576860904694,138,29190,1763198977,checkpoint_000138,True,False,139,8066a557,2025-11-15_09-29-37,11.284237623214722,1545.9057431221008,1465277,gypsum-gpu162,10.100.31.62,1545.9057431221008,139,0.031148688982649612,0.2,0.006135938496120416,86,1200,16,4,2,0.03284708391112031,1400,8066a557
0.084511399269104,0.08767560124397278,0.2488444596529007,0.2488444596529007,0.084511399269104,26,5670,1763199296,checkpoint_000026,True,False,27,6e3faa3c,2025-11-15_09-34-56,11.608390092849731,333.451345205307,1509048,gypsum-gpu162,10.100.31.62,333.451345205307,27,0.5119375009287981,0.0,0.004011120384804886,79,1400,16,6,1,0.37712409393715385,1600,6e3faa3c
0.3353659510612488,0.30525538325309753,0.43533390760421753,0.43533390760421753,0.3353659510612488,9,530,1763199103,checkpoint_000009,True,False,10,03c10584,2025-11-15_09-31-43,4.620016098022461,76.29940533638,1510423,gypsum-gpu162,10.100.31.62,76.29940533638,10,0.04949154653017048,0.35000000000000003,0.006049485537108195,33,1800,64,4,2,0.01790233746512545,500,03c10584
0.10493173450231552,0.07460909336805344,0.1853586733341217,0.1853586733341217,0.10493173450231552,199,21000,1763200146,checkpoint_000199,True,False,200,bfc04ffc,2025-11-15_09-49-06,4.819418668746948,996.8597826957703,1514050,gypsum-gpu162,10.100.31.62,996.8597826957703,200,0.0165178785616197,0.05,0.0001882727085530916,75,400,32,2,1,0.7082915142620525,600,bfc04ffc
0.041413597762584686,0.02252795360982418,0.17740601301193237,0.17740601301193237,0.041413597762584686,199,42000,1763201012,checkpoint_000199,True,False,200,b5ee7a16,2025-11-15_10-03-32,9.437604904174805,1668.4665706157684,1521387,gypsum-gpu162,10.100.31.62,1668.4665706157684,200,0.01863488288846343,0.3,0.00022912132616922492,65,1300,16,3,1,0.06268110483684347,800,b5ee7a16
0.011265978217124939,0.0102552380412817,0.23429107666015625,0.23429107666015625,0.011265978217124939,113,23940,1763201818,checkpoint_000113,True,False,114,f11d521b,2025-11-15_10-16-59,13.984193563461304,1624.79159450531,1563693,gypsum-gpu162,10.100.31.62,1624.79159450531,114,0.013709402694797413,0.0,0.002001709133228716,35,1700,16,6,1,0.6825826346577291,2300,f11d521b
0.005474375560879707,0.005104852840304375,0.19379936158657074,0.19379936158657074,0.005474375560879707,123,3348,1763201893,checkpoint_000123,True,False,124,06bac08f,2025-11-15_10-18-13,5.900722980499268,841.1452269554138,1589716,gypsum-gpu162,10.100.31.62,841.1452269554138,124,0.08020700823216353,0.05,0.0015021663270642295,62,1200,128,6,1,0.07792828495251047,1400,06bac08f
0.0001429999538231641,0.0005237317527644336,0.19681395590305328,0.19681395590305328,0.0001429999538231641,131,3564,1763203518,checkpoint_000131,True,False,132,efb04a4c,2025-11-15_10-45-18,9.251577377319336,1633.8082566261292,1613941,gypsum-gpu162,10.100.31.62,1633.8082566261292,132,0.019507863683972303,0.0,0.005282500236906916,70,1700,128,4,2,0.011272606277111049,1900,efb04a4c
0.005856808740645647,0.00379003188572824,0.23213884234428406,0.23213884234428406,0.005856808740645647,124,1750,1763203453,checkpoint_000124,True,False,125,dd089107,2025-11-15_10-44-14,9.806618690490723,1516.976704120636,1615503,gypsum-gpu162,10.100.31.62,1516.976704120636,125,0.09495457197457388,0.0,0.003868604013152203,78,500,256,4,1,0.7569983525234623,2200,dd089107
0.06495071947574615,0.054847557097673416,0.2209172397851944,0.2209172397851944,0.06495071947574615,33,3570,1763203766,checkpoint_000033,True,False,34,cf363969,2025-11-15_10-49-27,6.527347564697266,266.28529238700867,1646612,gypsum-gpu162,10.100.31.62,266.28529238700867,34,0.2821927669734689,0.0,0.001860791133393327,36,2100,32,3,2,0.035970291450687406,1000,cf363969
0.005162019282579422,0.004768953658640385,0.17759466171264648,0.17759466171264648,0.005162019282579422,199,21000,1763204762,checkpoint_000199,True,False,200,face2e29,2025-11-15_11-06-02,5.5986857414245605,1214.317186832428,1647739,gypsum-gpu162,10.100.31.62,1214.317186832428,200,0.017927686255797947,0.0,0.0009039753359559577,62,1800,32,6,1,0.5868908246897637,300,face2e29
0.016951104626059532,0.02921123430132866,0.2008293718099594,0.2008293718099594,0.016951104626059532,199,10600,1763206026,checkpoint_000199,True,False,200,fe431a42,2025-11-15_11-27-06,9.605133056640625,2208.58118724823,1658532,gypsum-gpu162,10.100.31.62,2208.58118724823,200,0.19990666704028756,0.35000000000000003,0.0003283258870180838,65,1200,64,6,2,0.04236253280353537,2100,fe431a42
1.0005537271499634,1.1247761249542236,1.0291389226913452,1.0291389226913452,1.0005537271499634,199,42000,1763206784,checkpoint_000199,True,False,200,c9dcf736,2025-11-15_11-39-44,8.516916275024414,1983.6737439632416,1695389,gypsum-gpu162,10.100.31.62,1983.6737439632416,200,0.0712418263732021,0.0,0.008783466352505372,60,500,16,4,1,0.2053909903258264,1300,c9dcf736
0.03749464079737663,0.03133309260010719,0.18634940683841705,0.18634940683841705,0.03749464079737663,199,10600,1763207142,checkpoint_000199,True,False,200,579477e1,2025-11-15_11-45-42,6.198576927185059,1075.7160003185272,1730754,gypsum-gpu162,10.100.31.62,1075.7160003185272,200,0.020749475387583875,0.25,0.00041953718678613446,33,300,64,3,1,0.2967109820315636,1300,579477e1
0.018711751326918602,0.016743052750825882,0.21188773214817047,0.21188773214817047,0.018711751326918602,199,2800,1763208153,checkpoint_000199,True,False,200,47c7dc9b,2025-11-15_12-02-34,6.571994781494141,1334.1252856254578,1762630,gypsum-gpu162,10.100.31.62,1334.1252856254578,200,0.3951023246833332,0.2,0.0006513156924823242,23,1500,256,5,2,0.4125961443108505,1300,47c7dc9b
0.10808665305376053,0.05496089905500412,0.18879833817481995,0.18879833817481995,0.10808665305376053,135,3672,1763207751,checkpoint_000135,True,False,136,2f7af997,2025-11-15_11-55-51,3.8129684925079346,579.2940142154694,1776823,gypsum-gpu162,10.100.31.62,579.2940142154694,136,0.32107517800015706,0.4,0.0013094559816979822,27,400,128,3,1,0.013604979809202312,600,2f7af997
0.022811079397797585,0.024054069072008133,0.19475057721138,0.1947506070137024,0.022811079397797585,199,21000,1763208928,checkpoint_000199,True,False,200,d9be6c54,2025-11-15_12-15-28,5.424290895462036,1149.7954399585724,1804589,gypsum-gpu162,10.100.31.62,1149.7954399585724,200,0.02171543860240806,0.0,0.00037549599339618513,31,400,32,4,1,0.19236926959141432,300,d9be6c54
0.007262787781655788,0.013255204074084759,0.22213220596313477,0.22213220596313477,0.007262787781655788,91,4876,1763208960,checkpoint_000091,True,False,92,74e2a7a6,2025-11-15_12-16-00,7.183792591094971,773.2761747837067,1821998,gypsum-gpu162,10.100.31.62,773.2761747837067,92,0.07087283676897692,0.0,0.004572144624071193,27,1700,64,5,1,0.4978973119292683,1900,74e2a7a6
0.7026482224464417,1.306215763092041,0.7516273260116577,0.7516273260116577,0.7026482224464417,1,420,1763208989,checkpoint_000001,True,False,2,2b78010b,2025-11-15_12-16-29,10.296420812606812,38.067487955093384,1854506,gypsum-gpu162,10.100.31.62,38.067487955093384,2,0.47467381878912357,0.3,0.000663065526544828,69,1500,16,4,2,0.6990269033703231,1800,2b78010b
0.0054151578806340694,0.006567524746060371,0.2195591926574707,0.2195592075586319,0.0054151578806340694,199,2800,1763210007,checkpoint_000199,True,False,200,115be076,2025-11-15_12-33-27,8.544426918029785,1015.1248569488525,1855466,gypsum-gpu162,10.100.31.62,1015.1248569488525,200,0.49227872051990407,0.0,0.0007563564922352405,96,400,256,5,1,0.03504029752267439,1200,115be076
0.004548157565295696,0.0031226822175085545,0.17018136382102966,0.17018136382102966,0.004548157565295696,199,42000,1763210794,checkpoint_000199,True,False,200,c9cdd9ff,2025-11-15_12-46-34,8.396422863006592,1763.0954275131226,1856328,gypsum-gpu162,10.100.31.62,1763.0954275131226,200,0.04299071604202692,0.0,0.00023611757384069397,38,500,16,4,2,0.7788536495272792,600,c9cdd9ff
0.0005908932071179152,0.00037207099376246333,0.19097258150577545,0.19097255170345306,0.0005908932071179152,199,42000,1763212597,checkpoint_000199,True,False,200,4a0cf2ac,2025-11-15_13-16-37,10.636586427688599,2551.300856113434,1896934,gypsum-gpu162,10.100.31.62,2551.300856113434,200,0.023754242417313717,0.0,0.0017123545771898718,95,2400,16,3,2,0.2707451822414194,1600,4a0cf2ac
0.048673175275325775,0.03427604213356972,0.18092921376228333,0.18092922866344452,0.048673175275325775,199,5400,1763211896,checkpoint_000199,True,False,200,4606174b,2025-11-15_13-04-56,5.446996450424194,1070.017945766449,1922548,gypsum-gpu162,10.100.31.62,1070.017945766449,200,0.11508225668901825,0.4,0.001221128675542751,46,1000,128,2,2,0.1565870761418554,1000,4606174b
0.00016298000991810113,0.00012357863306533545,0.20268471539020538,0.20268471539020538,0.00016298000991810113,199,42000,1763213514,checkpoint_000199,True,False,200,9e6b97f1,2025-11-15_13-31-55,7.888790845870972,1587.4731261730194,1960903,gypsum-gpu162,10.100.31.62,1587.4731261730194,200,0.010121341685038018,0.0,0.001360265301403046,39,700,16,2,2,0.021669569430155845,700,9e6b97f1
0.00018943035684060305,9.691860759630799e-05,0.1954241245985031,0.1954241394996643,0.00018943035684060305,199,42000,1763214427,checkpoint_000199,True,False,200,f74f3c7b,2025-11-15_13-47-07,9.341632604598999,1800.3624873161316,1984034,gypsum-gpu162,10.100.31.62,1800.3624873161316,200,0.033600972473638205,0.0,0.0005919587744177056,5,1000,16,5,2,0.027418655240584632,400,f74f3c7b
0.02730061486363411,0.01784396730363369,0.16155913472175598,0.16155913472175598,0.02730061486363411,199,42000,1763215396,checkpoint_000199,True,False,200,0a5ba95d,2025-11-15_14-03-16,9.525304555892944,1853.004161119461,2019443,gypsum-gpu162,10.100.31.62,1853.004161119461,200,0.03313664106710303,0.15000000000000002,0.00026438711513801624,43,600,16,5,2,0.04929256901368749,500,0a5ba95d
2.3864140530349687e-05,1.4281141375249717e-05,0.20018398761749268,0.20018398761749268,2.3864140530349687e-05,199,42000,1763216288,checkpoint_000199,True,False,200,c14bd1ea,2025-11-15_14-18-08,9.570271492004395,1831.1081383228302,2051887,gypsum-gpu162,10.100.31.62,1831.1081383228302,200,0.053988508940736785,0.0,0.0014664297816522757,12,900,16,5,2,0.018538657980944083,500,c14bd1ea
0.011566690169274807,0.009519290179014206,0.17951121926307678,0.17951123416423798,0.011566690169274807,199,42000,1763217156,checkpoint_000199,True,False,200,07b15f04,2025-11-15_14-32-36,8.913095235824585,1733.0166909694672,2085785,gypsum-gpu162,10.100.31.62,1733.0166909694672,200,0.9730607274816133,0.05,0.0001487302112992583,34,700,16,4,2,0.028360135977850823,700,07b15f04
0.028559349477291107,0.017295077443122864,0.1886955201625824,0.1886955201625824,0.028559349477291107,199,42000,1763218213,checkpoint_000199,True,False,200,f417ddf3,2025-11-15_14-50-13,9.28184461593628,1894.5302670001984,2117684,gypsum-gpu162,10.100.31.62,1894.5302670001984,200,0.03293688909864788,0.15000000000000002,0.004021116787475795,46,600,16,5,2,0.05527442746756508,900,f417ddf3
0.021355101838707924,0.020620621740818024,0.15668225288391113,0.15668225288391113,0.021355101838707924,199,42000,1763219024,checkpoint_000199,True,False,200,d6dcc15c,2025-11-15_15-03-44,9.11630654335022,1839.8195610046387,2148357,gypsum-gpu162,10.100.31.62,1839.8195610046387,200,0.010096917175872182,0.15000000000000002,0.0002869983521518592,51,900,16,5,2,0.05042188318701204,500,d6dcc15c
0.0813928171992302,0.05982141196727753,0.18250641226768494,0.18250641226768494,0.0813928171992302,199,42000,1763220095,checkpoint_000199,True,False,200,5a91b1cb,2025-11-15_15-21-35,9.142565250396729,1852.9926483631134,2184702,gypsum-gpu162,10.100.31.62,1852.9926483631134,200,0.014142628631001646,0.15000000000000002,0.0001704487666837983,42,700,16,6,2,0.03431681867999165,300,5a91b1cb
4.3220596126047894e-05,2.5423687475267798e-05,0.22896061837673187,0.22896061837673187,4.3220596126047894e-05,199,42000,1763220914,checkpoint_000199,True,False,200,8ce8f394,2025-11-15_15-35-14,9.704553842544556,1860.1837649345398,2212979,gypsum-gpu162,10.100.31.62,1860.1837649345398,200,0.03049838106048962,0.0,0.0005714645437059929,2,1000,16,5,2,0.023397538566201047,1000,8ce8f394
0.022119473665952682,0.014794196002185345,0.16417832672595978,0.16417834162712097,0.022119473665952682,199,42000,1763222066,checkpoint_000199,True,False,200,671e7030,2025-11-15_15-54-26,9.646453619003296,1941.534411430359,2250298,gypsum-gpu162,10.100.31.62,1941.534411430359,200,0.011377304991711981,0.15000000000000002,0.0002639735874955934,52,900,16,6,2,0.04851858102774007,500,671e7030
0.02516871690750122,0.018852053210139275,0.16265371441841125,0.16265371441841125,0.02516871690750122,199,42000,1763222798,checkpoint_000199,True,False,200,fccf579a,2025-11-15_16-06-38,8.876790523529053,1853.1822381019592,2277495,gypsum-gpu162,10.100.31.62,1853.1822381019592,200,0.0157876383746623,0.15000000000000002,0.00026888331904482065,75,1100,16,5,2,0.08852830298090976,400,fccf579a
0.009386669844388962,0.008775103837251663,0.17360255122184753,0.17360255122184753,0.009386669844388962,199,42000,1763224317,checkpoint_000199,True,False,200,dc33547e,2025-11-15_16-31-58,10.480830192565918,2218.491410255432,2317095,gypsum-gpu162,10.100.31.62,2218.491410255432,200,0.010217686361208476,0.15000000000000002,0.00012783577287922926,47,900,16,6,2,0.0683233741922864,1500,dc33547e
0.011754270642995834,0.014005566015839577,0.17774464190006256,0.17774461209774017,0.011754270642995834,199,42000,1763224859,checkpoint_000199,True,False,200,8dcdf9ed,2025-11-15_16-40-59,9.826979637145996,2026.0009779930115,2340471,gypsum-gpu162,10.100.31.62,2026.0009779930115,200,0.09897952165975092,0.1,0.00018978904663341997,44,1600,16,5,2,0.05188086796668295,700,8dcdf9ed
0.02589903399348259,0.025312040001153946,0.16958943009376526,0.16958944499492645,0.02589903399348259,199,42000,1763226219,checkpoint_000199,True,False,200,9bba71e0,2025-11-15_17-03-39,9.257170677185059,1830.0076286792755,2387471,gypsum-gpu162,10.100.31.62,1830.0076286792755,200,0.014936479599134602,0.15000000000000002,0.0002796556071380136,77,1100,16,5,2,0.08611944989769839,400,9bba71e0
