train_loss,train_loss_step,val/roc,val_loss,train_loss_epoch,epoch,step,timestamp,checkpoint_dir_name,should_checkpoint,done,training_iteration,trial_id,date,time_this_iter_s,time_total_s,pid,hostname,node_ip,time_since_restore,iterations_since_restore,config/train_loop_config/depth,config/train_loop_config/ffn_num_layers,config/train_loop_config/final_lr_ratio,config/train_loop_config/dropout,config/train_loop_config/message_hidden_dim,config/train_loop_config/warmup_epochs,config/train_loop_config/ffn_hidden_dim,config/train_loop_config/batch_size,config/train_loop_config/init_lr_ratio,config/train_loop_config/max_lr,logdir
0.6127771139144897,0.5366209149360657,0.8047839403152466,0.5141886472702026,0.6127771139144897,3,304,1762305857,checkpoint_000003,True,False,4,6bbf8a96,2025-11-05_01-24-17,4.731588840484619,26.537701845169067,3836875,gpu023,10.100.20.23,26.537701845169067,4,5,1,0.2686346120241809,0.2,2300,12,1700,16,0.015350058323922985,0.0038657504949304597,6bbf8a96
5.454070560517721e-05,2.3223090465762652e-05,0.8693094253540039,2.435051202774048,5.454070560517721e-05,96,1843,1762306108,checkpoint_000096,True,False,97,62a6af4d,2025-11-05_01-28-28,2.941403388977051,267.21031737327576,3837197,gpu023,10.100.20.23,267.21031737327576,97,5,2,0.01642599135140187,0.0,1500,73,1500,64,0.5420255208414504,0.0024317064078608923,62a6af4d
0.4106868505477905,0.4537172317504883,0.868248462677002,0.4729582667350769,0.4106868505477905,199,1000,1762306352,checkpoint_000199,True,False,200,0bc5afb8,2025-11-05_01-32-32,2.3796627521514893,478.13266587257385,3839535,gpu023,10.100.20.23,478.13266587257385,200,3,1,0.06511652117588944,0.05,1300,4,1300,256,0.01807625731012587,0.00011354200216483246,0bc5afb8
0.28467124700546265,0.11580637842416763,0.8850308656692505,0.47895827889442444,0.28467124700546265,199,7600,1762306500,checkpoint_000199,True,False,200,f4181aa3,2025-11-05_01-35-00,1.9104676246643066,372.98491954803467,3860673,gpu023,10.100.20.23,372.98491954803467,200,3,1,0.07512125897822718,0.35000000000000003,600,91,700,32,0.061153748243462945,0.0002214188090951472,f4181aa3
0.006075293757021427,2.0793297153431922e-05,0.8823302388191223,2.4475913047790527,0.006075293757021427,199,3800,1762306797,checkpoint_000199,True,False,200,1ec1a2f5,2025-11-05_01-39-57,1.9307308197021484,426.7376298904419,3887142,gpu023,10.100.20.23,426.7376298904419,200,5,2,0.016353190554889485,0.1,900,83,1400,64,0.3673883305724259,0.006128972399315077,1ec1a2f5
7.748821190034505e-06,1.7487848253949778e-06,0.8894675970077515,2.8328633308410645,7.748821190034505e-06,199,15200,1762307255,checkpoint_000199,True,False,200,ec3dd368,2025-11-05_01-47-35,3.641932487487793,733.3289525508881,3905631,gpu023,10.100.20.23,733.3289525508881,200,6,2,0.02222172040491314,0.0,1300,48,1700,16,0.021946359317642338,0.0003197990830689793,ec3dd368
0.2574116885662079,0.3179452121257782,0.8931326866149902,0.46299615502357483,0.2574116885662079,199,1000,1762307440,checkpoint_000199,True,False,200,c9fe5124,2025-11-05_01-50-40,2.9080440998077393,618.6436839103699,3934117,gpu023,10.100.20.23,618.6436839103699,200,4,2,0.042169726361395536,0.35000000000000003,1400,64,2300,256,0.13991517772339898,0.0002466137945092889,c9fe5124
0.11343254894018173,0.2145010083913803,0.8929398655891418,0.5427601337432861,0.11343254894018173,75,1444,1762307464,checkpoint_000075,True,False,76,aaf67fd2,2025-11-05_01-51-04,2.2415168285369873,190.94267892837524,3965454,gpu023,10.100.20.23,190.94267892837524,76,5,2,0.8792865174208353,0.0,600,71,2100,64,0.06703960197018434,0.005188093658601662,aaf67fd2
0.4026934802532196,0.36032310128211975,0.8319830894470215,0.5609197020530701,0.4026934802532196,32,165,1762307568,checkpoint_000032,True,False,33,d82fe699,2025-11-05_01-52-48,3.3835082054138184,112.09618949890137,3979819,gpu023,10.100.20.23,112.09618949890137,33,5,1,0.012697938374386151,0.0,1900,28,400,256,0.026938625063762843,0.009600415414503648,d82fe699
0.0009687576675787568,1.3953443158243317e-05,0.8897569179534912,2.386805534362793,0.0009687576675787568,199,15200,1762308003,checkpoint_000199,True,False,200,f2ac78ce,2025-11-05_02-00-03,2.41235089302063,525.7184085845947,3981291,gpu023,10.100.20.23,525.7184085845947,200,4,2,0.03507113101335751,0.05,300,41,700,16,0.031150936131598892,0.000881870950740583,f2ac78ce
4.583856571116485e-05,9.176256753562484e-06,0.8726851940155029,2.7215769290924072,4.583856571116485e-05,199,3800,1762308208,checkpoint_000199,True,False,200,1a1570a6,2025-11-05_02-03-28,2.9847545623779297,617.155739068985,3989526,gpu023,10.100.20.23,617.155739068985,200,4,1,0.012976423029447038,0.0,1900,50,2300,64,0.19062047380510463,0.005397775403391675,1a1570a6
5.165161951481423e-07,1.1082746453894288e-07,0.8758680820465088,4.025025844573975,5.165161951481423e-07,199,7600,1762308755,checkpoint_000199,True,False,200,8d5c0e96,2025-11-05_02-12-35,3.6882293224334717,727.0833873748779,4030564,gpu023,10.100.20.23,727.0833873748779,200,4,2,0.3267581227557168,0.0,2200,30,300,32,0.2618913912917298,0.0022115033272394305,8d5c0e96
0.10840202122926712,0.09195341914892197,0.8896605372428894,0.7116007804870605,0.10840202122926712,130,1310,1762308507,checkpoint_000130,True,False,131,ba1aad3c,2025-11-05_02-08-27,2.039071559906006,283.6889970302582,4045691,gpu023,10.100.20.23,283.6889970302582,131,4,2,0.21711506882709483,0.4,1100,50,600,128,0.38680438251474486,0.0004910275507234434,ba1aad3c
0.03461098298430443,0.016473308205604553,0.879436731338501,1.813684105873108,0.03461098298430443,199,3800,1762309249,checkpoint_000199,True,False,200,70f4a8aa,2025-11-05_02-20-50,3.6581740379333496,717.3691244125366,4070814,gpu023,10.100.20.23,717.3691244125366,200,2,2,0.011209522585777905,0.3,2300,3,1400,64,0.07068523003134888,0.002707486139269477,70f4a8aa
0.023941773921251297,0.01848030835390091,0.8884066343307495,1.7142881155014038,0.023941773921251297,199,3800,1762309295,checkpoint_000199,True,False,200,3f822d30,2025-11-05_02-21-35,2.4674501419067383,518.0899813175201,4088291,gpu023,10.100.20.23,518.0899813175201,200,4,2,0.6303801815612602,0.2,900,86,2000,64,0.4020431849331807,0.0034431959924975364,3f822d30
0.40388745069503784,0.354885071516037,0.8877314925193787,0.4930412173271179,0.40388745069503784,17,684,1762309349,checkpoint_000017,True,False,18,15ac5efc,2025-11-05_02-22-29,4.3270955085754395,84.80096769332886,4128762,gpu023,10.100.20.23,84.80096769332886,18,4,2,0.49201634210439465,0.1,2000,38,2300,32,0.011627283085174672,0.004146096370159047,15ac5efc
0.1116337776184082,0.1752278357744217,0.8989197611808777,0.560044527053833,0.1116337776184082,199,1000,1762309721,checkpoint_000199,True,False,200,1588c6ee,2025-11-05_02-28-41,2.22230863571167,410.47157621383667,4132014,gpu023,10.100.20.23,410.47157621383667,200,6,2,0.02248065304529669,0.0,400,42,1800,256,0.6402844912019816,0.0006133113864228081,1588c6ee
0.004629840143024921,0.00025138145429082215,0.8901427388191223,1.9200105667114258,0.004629840143024921,199,3800,1762310038,checkpoint_000199,True,False,200,1feded05,2025-11-05_02-33-58,3.5627424716949463,668.3683524131775,4135752,gpu023,10.100.20.23,668.3683524131775,200,3,1,0.12435847096952483,0.0,2300,19,600,64,0.1277605906233864,0.0003995619008664398,1feded05
0.07913953065872192,0.0140633350238204,0.8854166269302368,0.8639890551567078,0.07913953065872192,199,7600,1762310144,checkpoint_000199,True,False,200,81555a29,2025-11-05_02-35-44,2.2330708503723145,405.2089829444885,4166531,gpu023,10.100.20.23,405.2089829444885,200,5,1,0.015646923793365165,0.4,500,37,2200,32,0.05678693896039821,0.002097525369866808,81555a29
0.11278355866670609,0.024248315021395683,0.8925540447235107,0.7039775848388672,0.11278355866670609,199,3800,1762310411,checkpoint_000199,True,False,200,97e6e2cd,2025-11-05_02-40-11,1.703758716583252,356.02023696899414,6285,gpu023,10.100.20.23,356.02023696899414,200,4,1,0.27698392227486124,0.0,600,96,500,64,0.1720704297876481,0.00037539683182145434,97e6e2cd
0.015272991731762886,0.03460405766963959,0.8846451044082642,1.0956928730010986,0.015272991731762886,199,1000,1762310897,checkpoint_000199,True,False,200,e85582ea,2025-11-05_02-48-17,3.853668689727783,730.7833318710327,19695,gpu023,10.100.20.23,730.7833318710327,200,4,2,0.03767812674208911,0.0,2000,10,1400,256,0.3711812891020289,0.000443240141834771,e85582ea
0.6911038756370544,0.7112423181533813,0.5,0.6763036251068115,0.6911038756370544,199,7600,1762311112,checkpoint_000199,True,False,200,c28b0609,2025-11-05_02-51-52,3.3587851524353027,680.3886830806732,45279,gpu023,10.100.20.23,680.3886830806732,200,6,2,0.44832854436499076,0.0,1000,55,2100,32,0.14290101860287793,0.008942243948162065,c28b0609
2.3746322767692618e-05,2.0421048247953877e-05,0.9015238881111145,1.8728621006011963,2.3746322767692618e-05,163,6232,1762311451,checkpoint_000163,True,False,164,16d78709,2025-11-05_02-57-31,3.1063735485076904,533.5892221927643,75717,gpu023,10.100.20.23,533.5892221927643,164,3,1,0.06820138495896282,0.0,1800,11,2100,32,0.037751703726812434,0.005170171187308108,16d78709
0.0605509988963604,0.07273803651332855,0.8800154328346252,1.016872525215149,0.0605509988963604,199,1000,1762311518,checkpoint_000199,True,False,200,a033fb72,2025-11-05_02-58-38,1.8499829769134521,388.5979280471802,92246,gpu023,10.100.20.23,388.5979280471802,200,3,1,0.06607336324355786,0.15000000000000002,500,93,600,256,0.8406081742227066,0.005595669736458433,a033fb72
0.00012223674275446683,6.721814861521125e-05,0.8985339403152466,1.940535068511963,0.00012223674275446683,199,2000,1762312265,checkpoint_000199,True,False,200,2cc77180,2025-11-05_03-11-05,4.321023225784302,792.9273307323456,121886,gpu023,10.100.20.23,792.9273307323456,200,5,1,0.4823307731469042,0.2,2000,58,1500,128,0.03899161745429787,0.000889685203838667,2cc77180
0.0007502079242840409,7.550125883426517e-05,0.9060571193695068,1.8662408590316772,0.0007502079242840409,131,2508,1762311983,checkpoint_000131,True,False,132,e240db22,2025-11-05_03-06-24,3.044849395751953,448.7718050479889,127055,gpu023,10.100.20.23,448.7718050479889,132,5,1,0.020617943933616777,0.15000000000000002,1900,7,900,64,0.02376605132997447,0.0021177681384471334,e240db22
0.1531861424446106,0.18111398816108704,0.9081790447235107,0.4694175720214844,0.1531861424446106,199,1000,1762312975,checkpoint_000199,True,False,200,f62ad16f,2025-11-05_03-22-55,4.532954931259155,964.6473784446716,156855,gpu023,10.100.20.23,964.6473784446716,200,3,2,0.010229952030915476,0.35000000000000003,2200,41,1800,256,0.7551338232782625,0.0002843031285297491,f62ad16f
8.949144358894046e-08,5.043636619461722e-10,0.8780864477157593,3.811530351638794,8.949144358894046e-08,199,15200,1762313057,checkpoint_000199,True,False,200,6f48f16e,2025-11-05_03-24-18,3.645658254623413,772.5125119686127,169381,gpu023,10.100.20.23,772.5125119686127,200,5,2,0.6563220156038582,0.0,900,59,2300,16,0.04525293981105904,0.0006255037625662616,6f48f16e
0.006619607098400593,0.001240685349330306,0.8809798955917358,1.3608430624008179,0.006619607098400593,199,3800,1762313497,checkpoint_000199,True,False,200,128c4b6a,2025-11-05_03-31-37,2.3470022678375244,502.529376745224,208909,gpu023,10.100.20.23,502.529376745224,200,3,2,0.010506319435427817,0.0,800,87,1800,64,0.06518109753209103,0.00044321563823392746,128c4b6a
0.1257282793521881,0.06259209662675858,0.8942901492118835,0.5842661261558533,0.1257282793521881,182,3477,1762313517,checkpoint_000182,True,False,183,74940b2b,2025-11-05_03-31-57,2.092648506164551,442.0498101711273,215479,gpu023,10.100.20.23,442.0498101711273,183,3,2,0.11501378139544864,0.0,800,84,1300,64,0.15721355409273213,0.00014844209921492194,74940b2b
0.6808013319969177,0.6542233228683472,0.6768904328346252,0.6443066000938416,0.6808013319969177,3,40,1762313533,checkpoint_000003,True,False,4,e7140f89,2025-11-05_03-32-13,4.0507652759552,24.154433727264404,259843,gpu023,10.100.20.23,24.154433727264404,4,6,1,0.8884460682405527,0.2,2000,19,2200,128,0.17223313498593049,0.0007191552824599561,e7140f89
0.6757630109786987,0.6771018505096436,0.6892361640930176,0.6447536945343018,0.6757630109786987,5,30,1762313547,checkpoint_000005,True,False,6,5b9c6353,2025-11-05_03-32-27,2.205897092819214,21.642232656478882,261282,gpu023,10.100.20.23,21.642232656478882,6,4,1,0.11680412247306278,0.4,1100,69,1300,256,0.5420693592244334,0.0031103359632101836,5b9c6353
0.5439595580101013,0.565111517906189,0.8319830894470215,0.4876515567302704,0.5439595580101013,18,361,1762313597,checkpoint_000018,True,False,19,f636bd04,2025-11-05_03-33-17,2.6954989433288574,55.0738251209259,262076,gpu023,10.100.20.23,55.0738251209259,19,4,2,0.2712352200101254,0.2,1300,82,800,64,0.062115646489145894,0.0004182362644762536,f636bd04
0.17721052467823029,0.07068794965744019,0.8948688507080078,0.5095645785331726,0.17721052467823029,199,3800,1762313899,checkpoint_000199,True,False,200,c5bd5587,2025-11-05_03-38-19,1.3747472763061523,337.20630955696106,263166,gpu023,10.100.20.23,337.20630955696106,200,3,1,0.05542035340736248,0.0,400,23,1500,64,0.012717146167328426,0.0003888911056222462,c5bd5587
0.39844563603401184,0.37412482500076294,0.8728780746459961,0.4708152711391449,0.39844563603401184,82,415,1762313916,checkpoint_000082,True,False,83,af53058a,2025-11-05_03-38-36,3.412010431289673,305.2108037471771,268380,gpu023,10.100.20.23,305.2108037471771,83,3,1,0.02908870539848528,0.2,2100,55,1300,256,0.19140541939049865,0.00015027137020187677,af53058a
1.9504564988892525e-05,1.9761033399845473e-05,0.8829089403152466,2.767286777496338,1.9504564988892525e-05,199,1000,1762314918,checkpoint_000199,True,False,200,2baa0f45,2025-11-05_03-55-19,4.976868629455566,996.2243933677673,298752,gpu023,10.100.20.23,996.2243933677673,200,4,2,0.013828068981940137,0.0,2400,20,1300,256,0.08869012758676156,0.004783506135960282,2baa0f45
0.39952537417411804,0.6476731896400452,0.9060571193695068,0.4387989342212677,0.39952537417411804,11,456,1762313980,checkpoint_000011,True,False,12,7e36b09f,2025-11-05_03-39-40,3.543320894241333,51.93128800392151,299655,gpu023,10.100.20.23,51.93128800392151,12,4,2,0.4166596782694961,0.0,1800,70,1500,32,0.2617548652730619,0.0057791978323769476,7e36b09f
0.02694719098508358,0.023948831483721733,0.8989197015762329,0.9334132671356201,0.02694719098508358,143,5472,1762314640,checkpoint_000143,True,False,144,2d03032f,2025-11-05_03-50-41,4.761287212371826,639.8664515018463,302991,gpu023,10.100.20.23,639.8664515018463,144,6,1,0.0798471603038746,0.1,2100,26,1400,32,0.22368777656527336,0.00010541749956363284,2d03032f
0.019315026700496674,0.0032685475889593363,0.9039351940155029,1.1757251024246216,0.019315026700496674,199,2000,1762315165,checkpoint_000199,True,False,200,d1f83e92,2025-11-05_03-59-25,2.2325375080108643,503.5065929889679,334986,gpu023,10.100.20.23,503.5065929889679,200,2,2,0.517434547072615,0.3,1400,72,700,128,0.06577839256489168,0.0012855632895593316,d1f83e92
0.25343483686447144,0.21890974044799805,0.8898533582687378,0.4597436487674713,0.25343483686447144,87,3344,1762315187,checkpoint_000087,True,False,88,db06bfe7,2025-11-05_03-59-47,2.636524200439453,252.10622119903564,351454,gpu023,10.100.20.23,252.10622119903564,88,3,1,0.02837069497479074,0.0,1300,10,2100,32,0.03134453565061461,0.00010007770422185586,db06bfe7
0.6840457916259766,0.6659891605377197,0.6564428806304932,0.6894285678863525,0.6840457916259766,5,228,1762315202,checkpoint_000005,True,False,6,84d06c5a,2025-11-05_04-00-02,2.36161208152771,23.059677839279175,372691,gpu023,10.100.20.23,23.059677839279175,6,2,1,0.017463948546098416,0.0,1200,96,1700,32,0.09024916952515599,0.0002259654736559139,84d06c5a
0.0001255334063898772,1.8070473743136972e-05,0.904321014881134,2.3619308471679688,0.0001255334063898772,199,3800,1762315770,checkpoint_000199,True,False,200,ecbd9102,2025-11-05_04-09-30,3.0187582969665527,567.3415653705597,374087,gpu023,10.100.20.23,567.3415653705597,200,3,1,0.07496238019763413,0.0,1700,54,300,64,0.04410104474956476,0.0020197746041541232,ecbd9102
0.1825600564479828,0.44520092010498047,0.8856095671653748,0.5451927185058594,0.1825600564479828,41,1596,1762315320,checkpoint_000041,True,False,42,54464faf,2025-11-05_04-02-00,2.203838348388672,105.94932150840759,375411,gpu023,10.100.20.23,105.94932150840759,42,4,1,0.8400794720187718,0.05,1300,90,800,32,0.733538067306635,0.00035283978071675814,54464faf
0.013493201695382595,0.000433544279076159,0.90625,1.1629194021224976,0.013493201695382595,199,7600,1762316177,checkpoint_000199,True,False,200,985bcaa6,2025-11-05_04-16-17,4.0344154834747314,833.8696048259735,386904,gpu023,10.100.20.23,833.8696048259735,200,5,1,0.0318824062813063,0.4,2100,46,1900,32,0.6855682233668623,0.00025082879212669684,985bcaa6
0.004382861778140068,0.006517198868095875,0.8780864477157593,1.8502600193023682,0.004382861778140068,199,1000,1762316250,checkpoint_000199,True,False,200,730178c0,2025-11-05_04-17-30,2.3106656074523926,462.83150362968445,420522,gpu023,10.100.20.23,462.83150362968445,200,5,1,0.10322535652797084,0.3,1200,30,800,256,0.028167486088635476,0.0026182210694641467,730178c0
0.017658058553934097,0.019949935376644135,0.8651620149612427,1.6454302072525024,0.017658058553934097,199,1000,1762316690,checkpoint_000199,True,False,200,d7f545cd,2025-11-05_04-24-50,2.6591808795928955,493.71898221969604,449542,gpu023,10.100.20.23,493.71898221969604,200,4,1,0.21881279384424715,0.35000000000000003,1200,75,1300,256,0.0209610716825527,0.0018715786086655672,d7f545cd
4.3863244059139106e-07,5.464889341055823e-07,0.8892747163772583,4.595905780792236,4.3863244059139106e-07,199,7600,1762317290,checkpoint_000199,True,False,200,c1e033a6,2025-11-05_04-34-51,5.756795167922974,1015.6548049449921,455119,gpu023,10.100.20.23,1015.6548049449921,200,3,2,0.17552972578678436,0.0,2100,55,2400,32,0.7445982569151344,0.00136411245413469,c1e033a6
0.0007204468129202724,0.0002632076502777636,0.8862847089767456,2.141282320022583,0.0007204468129202724,199,7600,1762317654,checkpoint_000199,True,False,200,f57dc8f1,2025-11-05_04-40-55,4.934800386428833,941.4006993770599,483393,gpu023,10.100.20.23,941.4006993770599,200,5,2,0.11815621084151694,0.35000000000000003,1800,58,2000,32,0.1527307485609497,0.0005947626855763684,f57dc8f1
1.8394324797554873e-05,6.377030786097748e-06,0.8909143209457397,2.0503902435302734,1.8394324797554873e-05,199,3800,1762318026,checkpoint_000199,True,False,200,0abfd3f4,2025-11-05_04-47-06,3.10973858833313,713.7512228488922,514792,gpu023,10.100.20.23,713.7512228488922,200,6,1,0.1522905311652806,0.0,1800,45,1100,64,0.1932113101590144,0.001329775354021746,0abfd3f4
0.01987818256020546,0.015776123851537704,0.8956404328346252,1.1047204732894897,0.01987818256020546,118,4522,1762318044,checkpoint_000118,True,False,119,58c35911,2025-11-05_04-47-24,2.725984573364258,371.6676256656647,537729,gpu023,10.100.20.23,371.6676256656647,119,2,2,0.0730967989115941,0.0,1500,77,1700,32,0.06605607672321322,0.00025641612499447146,58c35911
0.048492249101400375,0.05244581401348114,0.8649691343307495,1.0812292098999023,0.048492249101400375,199,7600,1762318618,checkpoint_000199,True,False,200,b480e680,2025-11-05_04-56-58,2.904233694076538,573.2069458961487,566160,gpu023,10.100.20.23,573.2069458961487,200,4,1,0.652744584297665,0.25,1500,18,1100,32,0.041654197531872675,0.00012286302122987725,b480e680
0.000243455171585083,0.00010076020407723263,0.8850308656692505,2.1787474155426025,0.000243455171585083,199,3800,1762318641,checkpoint_000199,True,False,200,4d33e537,2025-11-05_04-57-21,2.945807933807373,577.9029054641724,567459,gpu023,10.100.20.23,577.9029054641724,200,4,2,0.0264042639584858,0.15000000000000002,1600,62,1000,64,0.608943366433319,0.0007560973956678508,4d33e537
0.5690351128578186,0.5584858655929565,0.8153935074806213,0.5980614423751831,0.5690351128578186,19,100,1762318737,checkpoint_000019,True,False,20,9ebd68f5,2025-11-05_04-58-58,5.712457895278931,105.57724738121033,618379,gpu023,10.100.20.23,105.57724738121033,20,5,2,0.10200922431591174,0.0,2400,58,1400,256,0.0254424784122926,0.000447464712308428,9ebd68f5
0.05110735446214676,0.10198359191417694,0.8733603954315186,1.7926028966903687,0.05110735446214676,199,1000,1762319467,checkpoint_000199,True,False,200,8c4ef6b3,2025-11-05_05-11-07,3.9375998973846436,806.5155045986176,619710,gpu023,10.100.20.23,806.5155045986176,200,5,1,0.17396232482570775,0.4,2100,61,900,256,0.012306996711338766,0.006432556639945765,8c4ef6b3
0.2808252274990082,0.29420241713523865,0.8852237462997437,0.45355916023254395,0.2808252274990082,178,895,1762319492,checkpoint_000178,True,False,179,7f1a4b66,2025-11-05_05-11-32,3.3531038761138916,732.841899394989,623815,gpu023,10.100.20.23,732.841899394989,179,2,2,0.014773803572345931,0.15000000000000002,2100,86,1700,256,0.031202977852662125,0.00017497210190879314,7f1a4b66
0.5184503197669983,0.545551061630249,0.8435570597648621,0.481486052274704,0.5184503197669983,28,290,1762319593,checkpoint_000028,True,False,29,924564de,2025-11-05_05-13-13,3.6377854347229004,106.6895203590393,657344,gpu023,10.100.20.23,106.6895203590393,29,3,2,0.01122956502079876,0.0,1900,93,1300,128,0.012762550760513166,0.00030830623681664057,924564de
2.1020272470195778e-05,1.1328829714329913e-05,0.9051890969276428,2.1740968227386475,2.1020272470195778e-05,199,2000,1762320059,checkpoint_000199,True,False,200,bade588a,2025-11-05_05-20-59,2.6483280658721924,546.619297504425,658470,gpu023,10.100.20.23,546.619297504425,200,5,1,0.03215661638711868,0.0,1400,40,1900,128,0.014344961501402383,0.00481176342405285,bade588a
0.31782066822052,0.3159835636615753,0.8784722685813904,0.4541685879230499,0.31782066822052,141,1420,1762320083,checkpoint_000141,True,False,142,4c80fcef,2025-11-05_05-21-23,2.910552740097046,469.4646098613739,665046,gpu023,10.100.20.23,469.4646098613739,142,3,1,0.021920084786728584,0.0,1900,86,1300,128,0.010319641073669977,0.00011381583294454103,4c80fcef
0.051186490803956985,0.051300399005413055,0.896508514881134,1.119830846786499,0.051186490803956985,199,3800,1762320562,checkpoint_000199,True,False,200,15f4cef9,2025-11-05_05-29-22,2.7584352493286133,481.20072984695435,697765,gpu023,10.100.20.23,481.20072984695435,200,6,2,0.03306437356352013,0.35000000000000003,500,14,1700,64,0.019050778553260053,0.003344572450672105,15f4cef9
0.00492281885817647,0.004759366624057293,0.8829089403152466,1.803442120552063,0.00492281885817647,149,750,1762320580,checkpoint_000149,True,False,150,2aa62c0c,2025-11-05_05-29-40,2.9843239784240723,482.7675521373749,698882,gpu023,10.100.20.23,482.7675521373749,150,4,1,0.08376915722137084,0.05,1800,58,1500,256,0.04638783223350383,0.0010573376044838163,2aa62c0c
0.36805620789527893,0.320510596036911,0.8840663433074951,0.44243937730789185,0.36805620789527893,199,2000,1762320964,checkpoint_000199,True,False,200,b5bfa8c6,2025-11-05_05-36-04,1.9010732173919678,385.1704885959625,737872,gpu023,10.100.20.23,385.1704885959625,200,6,1,0.043294677319195445,0.15000000000000002,600,83,1900,128,0.3228620953211295,0.0001064067843405875,b5bfa8c6
0.0417817123234272,0.0011384586105123162,0.8755787014961243,1.6559042930603027,0.0417817123234272,199,7600,1762321350,checkpoint_000199,True,False,200,87185a4b,2025-11-05_05-42-30,3.5247175693511963,749.7862420082092,738890,gpu023,10.100.20.23,749.7862420082092,200,5,2,0.14478575048472495,0.2,1900,16,1200,32,0.06955614783386216,0.005257680697842348,87185a4b
0.055451441556215286,0.0034864223562180996,0.8721065521240234,2.3041651248931885,0.055451441556215286,199,15200,1762321647,checkpoint_000199,True,False,200,97b053ab,2025-11-05_05-47-27,3.6772468090057373,663.1258606910706,773614,gpu023,10.100.20.23,663.1258606910706,200,4,2,0.03284708391112031,0.2,1400,86,1200,16,0.031148688982649612,0.006135938496120416,97b053ab
0.3093450963497162,0.3457880914211273,0.8611111640930176,0.508053183555603,0.3093450963497162,79,6080,1762321664,checkpoint_000079,True,False,80,01756d6f,2025-11-05_05-47-45,3.4992685317993164,299.2680516242981,802945,gpu023,10.100.20.23,299.2680516242981,80,6,1,0.37712409393715385,0.0,1600,79,1400,16,0.5119375009287981,0.004011120384804886,01756d6f
0.09229414165019989,0.03593553230166435,0.8910108804702759,0.9711653590202332,0.09229414165019989,199,3800,1762322127,checkpoint_000199,True,False,200,75960b5f,2025-11-05_05-55-27,2.184995651245117,461.7996666431427,826632,gpu023,10.100.20.23,461.7996666431427,200,4,2,0.01790233746512545,0.35000000000000003,500,33,1800,64,0.04949154653017048,0.006049485537108195,75960b5f
0.5036472082138062,0.5195906758308411,0.8342978954315186,0.5605577230453491,0.5036472082138062,52,2014,1762321785,checkpoint_000052,True,False,53,18ff4677,2025-11-05_05-49-45,2.169713258743286,106.81463479995728,827844,gpu023,10.100.20.23,106.81463479995728,53,2,1,0.7082915142620525,0.05,600,75,400,32,0.0165178785616197,0.0001882727085530916,18ff4677
0.13099662959575653,0.06905497610569,0.8859953880310059,0.6040533185005188,0.13099662959575653,199,15200,1762322308,checkpoint_000199,True,False,200,7f051223,2025-11-05_05-58-28,2.584031105041504,503.52366042137146,842155,gpu023,10.100.20.23,503.52366042137146,200,3,1,0.06268110483684347,0.3,800,65,1300,16,0.01863488288846343,0.00022912132616922492,7f051223
2.117289099601294e-08,3.4411720434973647e-12,0.8852238059043884,4.003829479217529,2.117289099601294e-08,199,15200,1762323199,checkpoint_000199,True,False,200,c1a540ac,2025-11-05_06-13-20,4.985785484313965,1048.6560761928558,879433,gpu023,10.100.20.23,1048.6560761928558,200,6,1,0.6825826346577291,0.0,2300,35,1700,16,0.013709402694797413,0.002001709133228716,c1a540ac
9.331324690720066e-05,2.8160315196146257e-05,0.8859953880310059,2.111527681350708,9.331324690720066e-05,199,2000,1762322843,checkpoint_000199,True,False,200,8d7f2b85,2025-11-05_06-07-23,2.489471197128296,515.5461747646332,893962,gpu023,10.100.20.23,515.5461747646332,200,6,1,0.07792828495251047,0.05,1400,62,1200,128,0.08020700823216353,0.0015021663270642295,8d7f2b85
1.8922146409749985e-06,2.9734300710515527e-07,0.9077932238578796,2.966355085372925,1.8922146409749985e-06,199,2000,1762323684,checkpoint_000199,True,False,200,6672103e,2025-11-05_06-21-25,5.122005224227905,816.9954836368561,930369,gpu023,10.100.20.23,816.9954836368561,200,4,2,0.011272606277111049,0.0,1900,70,1700,128,0.019507863683972303,0.005282500236906916,6672103e
0.012011546641588211,0.0039001174736768007,0.8738425970077515,1.3192801475524902,0.012011546641588211,116,585,1762323703,checkpoint_000116,True,False,117,b4f31924,2025-11-05_06-21-44,3.5322105884552,485.41489124298096,948816,gpu023,10.100.20.23,485.41489124298096,117,4,1,0.7569983525234623,0.0,2200,78,500,256,0.09495457197457388,0.003868604013152203,b4f31924
3.850218945444794e-06,1.721135873822277e-07,0.8831983208656311,3.2220799922943115,3.850218945444794e-06,199,7600,1762324335,checkpoint_000199,True,False,200,fe5d9085,2025-11-05_06-32-15,3.1067023277282715,629.0440545082092,972177,gpu023,10.100.20.23,629.0440545082092,200,3,2,0.035970291450687406,0.0,1000,36,2100,32,0.2821927669734689,0.001860791133393327,fe5d9085
0.45208877325057983,0.40598317980766296,0.8840664029121399,0.48292043805122375,0.45208877325057983,18,722,1762323762,checkpoint_000018,True,False,19,4a40aef6,2025-11-05_06-22-42,1.8743295669555664,45.82308602333069,973190,gpu023,10.100.20.23,45.82308602333069,19,6,1,0.5868908246897637,0.0,300,62,1800,32,0.017927686255797947,0.0009039753359559577,4a40aef6
0.00524792168289423,0.0017133682267740369,0.8753857612609863,2.0456013679504395,0.00524792168289423,199,3800,1762324655,checkpoint_000199,True,False,200,4d74949d,2025-11-05_06-37-35,4.126186370849609,870.9326090812683,978795,gpu023,10.100.20.23,870.9326090812683,200,6,2,0.04236253280353537,0.35000000000000003,2100,65,1200,64,0.19990666704028756,0.0003283258870180838,4d74949d
6.2597619034931995e-06,2.0435966234799707e-06,0.8856096267700195,3.138019561767578,6.2597619034931995e-06,199,15200,1762324943,checkpoint_000199,True,False,200,122c8935,2025-11-05_06-42-23,2.9068989753723145,590.8276336193085,1018726,gpu023,10.100.20.23,590.8276336193085,200,4,1,0.2053909903258264,0.0,1300,60,500,16,0.0712418263732021,0.008783466352505372,122c8935
0.04565064236521721,0.017058629542589188,0.8931326866149902,0.8915457129478455,0.04565064236521721,199,3800,1762325092,checkpoint_000199,True,False,200,b6af7ca9,2025-11-05_06-44-52,2.0213241577148438,419.1742980480194,1043404,gpu023,10.100.20.23,419.1742980480194,200,3,1,0.2967109820315636,0.25,1300,33,300,64,0.020749475387583875,0.00041953718678613446,b6af7ca9
0.0362883098423481,0.02383137308061123,0.8782793283462524,1.1412992477416992,0.0362883098423481,117,590,1762325320,checkpoint_000117,True,False,118,e7dd47de,2025-11-05_06-48-40,3.131324052810669,361.2212643623352,1073374,gpu023,10.100.20.23,361.2212643623352,118,5,2,0.4125961443108505,0.2,1300,23,1500,256,0.3951023246833332,0.0006513156924823242,e7dd47de
0.19233223795890808,0.08799367398023605,0.890625,0.5204622149467468,0.19233223795890808,199,2000,1762325477,checkpoint_000199,True,False,200,97feae70,2025-11-05_06-51-17,2.355367422103882,368.49300718307495,1086681,gpu023,10.100.20.23,368.49300718307495,200,3,1,0.013604979809202312,0.4,600,27,400,128,0.32107517800015706,0.0013094559816979822,97feae70
0.32814908027648926,0.251569539308548,0.8865741491317749,0.459349662065506,0.32814908027648926,25,988,1762325492,checkpoint_000025,True,False,26,8cf295b8,2025-11-05_06-51-32,5.479642152786255,156.67015647888184,1106897,gpu023,10.100.20.23,156.67015647888184,26,2,2,0.3375315802554437,0.0,2400,6,2400,32,0.517844453293169,0.003581798787743487,8cf295b8
0.00014994280354585499,4.0068298403639346e-05,0.9024884700775146,1.9209327697753906,0.00014994280354585499,199,7600,1762326405,checkpoint_000199,True,False,200,1ad27f6c,2025-11-05_07-06-45,4.352010488510132,906.6226871013641,1118975,gpu023,10.100.20.23,906.6226871013641,200,2,2,0.40645779933062387,0.1,2200,52,800,32,0.10956865438125722,0.0010289269131386124,1ad27f6c
0.5153484344482422,0.4657820165157318,0.8447145223617554,0.5243898034095764,0.5153484344482422,19,760,1762325581,checkpoint_000019,True,False,20,38cb19ae,2025-11-05_06-53-02,3.369140148162842,74.65767502784729,1119845,gpu023,10.100.20.23,74.65767502784729,20,2,2,0.9373611330924916,0.0,1600,77,1600,32,0.2416360341166628,0.00013688221729500497,38cb19ae
1.5939656350383302e-06,2.419390739305527e-06,0.8919752836227417,4.172084331512451,1.5939656350383302e-06,199,7600,1762326849,checkpoint_000199,True,False,200,e8eed5dc,2025-11-05_07-14-10,6.730201721191406,1240.94850730896,1125805,gpu023,10.100.20.23,1240.94850730896,200,2,2,0.9631617064658916,0.0,2400,49,2400,32,0.4735684381001824,0.003613937430540994,e8eed5dc
0.0012592388084158301,0.0012849298072978854,0.8990161418914795,1.5524333715438843,0.0012592388084158301,199,7600,1762327164,checkpoint_000199,True,False,200,a3741ecf,2025-11-05_07-19-24,3.34440541267395,737.1031517982483,1166714,gpu023,10.100.20.23,737.1031517982483,200,2,2,0.3208520520332675,0.0,1600,4,1500,32,0.5001217542828752,0.00014141338641618435,a3741ecf
3.966257645515725e-05,3.5263041354482993e-05,0.8892747163772583,1.9470398426055908,3.966257645515725e-05,199,7600,1762328026,checkpoint_000199,True,False,200,24aa142f,2025-11-05_07-33-46,6.740477085113525,1150.515554189682,1192134,gpu023,10.100.20.23,1150.515554189682,200,2,2,0.8238153799799913,0.0,2300,11,2200,32,0.975217108408287,0.00017425378445109536,24aa142f
7.226000775517605e-07,1.4752104959825374e-07,0.8695988059043884,4.076171398162842,7.226000775517605e-07,153,5852,1762328045,checkpoint_000153,True,False,154,437c55c2,2025-11-05_07-34-05,4.363398790359497,860.4893326759338,1210568,gpu023,10.100.20.23,860.4893326759338,154,2,2,0.7729604313215704,0.0,2000,79,2300,32,0.46870621176343924,0.0029713341459899475,437c55c2
0.35599151253700256,0.20118650794029236,0.8842592835426331,0.4954063892364502,0.35599151253700256,25,988,1762328206,checkpoint_000025,True,False,26,b579f1b0,2025-11-05_07-36-46,5.139723300933838,163.07774901390076,1250322,gpu023,10.100.20.23,163.07774901390076,26,2,2,0.22645029332120234,0.0,2400,50,2200,32,0.9883653567702623,0.004238271115168316,b579f1b0
0.4114193618297577,0.3947964310646057,0.8929398059844971,0.41268208622932434,0.4114193618297577,21,836,1762328186,checkpoint_000021,True,False,22,0f949174,2025-11-05_07-36-26,6.116069078445435,127.26886343955994,1251322,gpu023,10.100.20.23,127.26886343955994,22,2,2,0.9089971601045175,0.0,2400,71,1600,32,0.23308748260146195,0.007449660980228677,0f949174
3.989609467680566e-06,1.3523666098080867e-07,0.8836805820465088,3.7095813751220703,3.989609467680566e-06,199,7600,1762329392,checkpoint_000199,True,False,200,3addb578,2025-11-05_07-56-33,6.078718423843384,1177.2733013629913,1257814,gpu023,10.100.20.23,1177.2733013629913,200,2,2,0.3902354557960661,0.0,2000,99,2400,32,0.48378089501667365,0.003647672426875621,3addb578
4.892445940640755e-05,6.439923254220048e-06,0.8679590821266174,4.8536295890808105,4.892445940640755e-05,199,7600,1762329524,checkpoint_000199,True,False,200,324bf807,2025-11-05_07-58-45,6.361485958099365,1292.8340411186218,1258726,gpu023,10.100.20.23,1292.8340411186218,200,2,2,0.8004713041685262,0.0,2400,79,2400,32,0.2232998588067829,0.007731470320546102,324bf807
1.751488889567554e-05,7.57170346332714e-06,0.8777006268501282,3.179281234741211,1.751488889567554e-05,199,7600,1762330651,checkpoint_000199,True,False,200,c92330a7,2025-11-05_08-17-31,5.6069018840789795,1231.1677567958832,1309492,gpu023,10.100.20.23,1231.1677567958832,200,2,2,0.9910157496668889,0.0,2400,50,2200,32,0.9780384576810277,0.004079323670708593,c92330a7
6.320692773442715e-05,7.555411798421119e-07,0.8865740299224854,2.772859811782837,6.320692773442715e-05,129,4940,1762330225,checkpoint_000129,True,False,130,79f9a500,2025-11-05_08-10-25,5.449604511260986,679.133481502533,1314837,gpu023,10.100.20.23,679.133481502533,130,2,2,0.24433020885114096,0.0,1800,46,2300,32,0.5553648445531769,0.0010892953219479656,79f9a500
9.478993888478726e-06,1.1017063172857888e-07,0.8848379850387573,3.210569381713867,9.478993888478726e-06,199,7600,1762331366,checkpoint_000199,True,False,200,40f16d45,2025-11-05_08-29-26,5.279090166091919,1113.4306292533875,1347951,gpu023,10.100.20.23,1113.4306292533875,200,3,2,0.09398572806094335,0.0,2300,77,1600,32,0.21988114780931348,0.0071835134064394375,40f16d45
0.03580264374613762,0.10733076184988022,0.8423996567726135,2.6307296752929688,0.03580264374613762,147,5624,1762331384,checkpoint_000147,True,False,148,dc31e97f,2025-11-05_08-29-44,3.8053066730499268,710.1712882518768,1367054,gpu023,10.100.20.23,710.1712882518768,148,2,2,0.260233823691022,0.0,1700,69,2300,32,0.8268503843995624,0.0099975518583443,dc31e97f
0.616525411605835,0.5342492461204529,0.7964892387390137,0.5439361929893494,0.616525411605835,2,114,1762331401,checkpoint_000002,True,False,3,d5613d28,2025-11-05_08-30-01,4.42443323135376,21.68379020690918,1403513,gpu023,10.100.20.23,21.68379020690918,3,2,2,0.8209395477278739,0.0,2000,90,2100,32,0.2444494363488154,0.002750276753936182,d5613d28
7.781879503454547e-06,3.2316554552380694e-06,0.8892747163772583,2.8689303398132324,7.781879503454547e-06,199,7600,1762332606,checkpoint_000199,True,False,200,013a4774,2025-11-05_08-50-06,6.082367897033691,1197.0686476230621,1404573,gpu023,10.100.20.23,1197.0686476230621,200,2,2,0.5083736823783904,0.0,2200,81,2300,32,0.11590846356572863,0.0005280366322163112,013a4774
0.16756844520568848,0.06134679540991783,0.8927469849586487,0.5968167781829834,0.16756844520568848,46,1786,1762331675,checkpoint_000046,True,False,47,f5b31b60,2025-11-05_08-34-35,5.436281442642212,260.01163482666016,1405505,gpu023,10.100.20.23,260.01163482666016,47,2,2,0.2136685224750294,0.0,1800,67,2400,32,0.8388256717851363,0.0010064883586458164,f5b31b60
0.01343536376953125,0.0005279112374410033,0.895061731338501,2.1105237007141113,0.01343536376953125,199,7600,1762332634,checkpoint_000199,True,False,200,6c8b8160,2025-11-05_08-50-34,4.169568300247192,932.4803040027618,1418644,gpu023,10.100.20.23,932.4803040027618,200,2,2,0.23725272616342147,0.1,1700,100,2100,32,0.253069099153287,0.009786794223904273,6c8b8160
3.4888989830506034e-07,3.4004801197085044e-09,0.9013310074806213,3.1906795501708984,3.4888989830506034e-07,199,7600,1762333642,checkpoint_000199,True,False,200,4461a6d7,2025-11-05_09-07-22,4.932637929916382,1009.7157294750214,1464702,gpu023,10.100.20.23,1009.7157294750214,200,2,2,0.797770497646727,0.0,1800,91,2400,32,0.010083449947865433,0.002506539148054016,4461a6d7
4.603072738973424e-05,3.3329048164887354e-05,0.8978588581085205,2.356950283050537,4.603072738973424e-05,175,6688,1762333664,checkpoint_000175,True,False,176,a9677311,2025-11-05_09-07-44,4.770620822906494,1008.1104102134705,1466153,gpu023,10.100.20.23,1008.1104102134705,176,3,2,0.049026159722378,0.0,2000,68,2300,32,0.5768258402883996,0.0075567481303926145,a9677311
0.00021534810366574675,3.343677121847577e-07,0.8851273059844971,2.4813554286956787,0.00021534810366574675,199,15200,1762334636,checkpoint_000199,True,False,200,051d1763,2025-11-05_09-23-56,4.924566984176636,969.358332157135,1515533,gpu023,10.100.20.23,969.358332157135,200,2,2,0.24288925209979068,0.05,2100,79,2000,16,0.3968083954797609,0.001104558860525866,051d1763
