train_loss,train_loss_step,val/roc,val_loss,train_loss_epoch,epoch,step,timestamp,checkpoint_dir_name,should_checkpoint,done,training_iteration,trial_id,date,time_this_iter_s,time_total_s,pid,hostname,node_ip,time_since_restore,iterations_since_restore,config/train_loop_config/ffn_hidden_dim,config/train_loop_config/dropout,config/train_loop_config/batch_size,config/train_loop_config/final_lr_ratio,config/train_loop_config/init_lr_ratio,config/train_loop_config/max_lr,config/train_loop_config/depth,config/train_loop_config/ffn_num_layers,config/train_loop_config/warmup_epochs,config/train_loop_config/message_hidden_dim,logdir
0.5163041949272156,0.48196467757225037,0.8200749158859253,0.5095164775848389,0.5163041949272156,3,288,1761435589,checkpoint_000003,True,False,4,3ed80d2d,2025-10-25_23-39-49,4.715381383895874,28.89835023880005,592148,uri-gpu009,10.100.115.9,28.89835023880005,4,1700,0.2,16,0.2686346120241809,0.015350058323922985,0.0038657504949304597,5,1,12,2300,3ed80d2d
0.07060334086418152,0.07789241522550583,0.8146768808364868,1.6163960695266724,0.07060334086418152,67,1224,1761435792,checkpoint_000067,True,False,68,8de5eb21,2025-10-25_23-43-13,2.796633005142212,221.92919158935547,592292,uri-gpu009,10.100.115.9,221.92919158935547,68,1500,0.0,64,0.01642599135140187,0.5420255208414504,0.0024317064078608923,5,2,73,1500,8de5eb21
0.5210677981376648,0.540880560874939,0.8152903318405151,0.5467720627784729,0.5210677981376648,59,300,1761435770,checkpoint_000059,True,False,60,1af2a3e6,2025-10-25_23-42-50,2.6599929332733154,161.82196140289307,594522,uri-gpu009,10.100.115.9,161.82196140289307,60,1300,0.05,256,0.06511652117588944,0.01807625731012587,0.00011354200216483246,3,1,4,1300,1af2a3e6
0.4359683692455292,0.41181108355522156,0.8212690353393555,0.5372848510742188,0.4359683692455292,199,7200,1761436215,checkpoint_000199,True,False,200,74967001,2025-10-25_23-50-15,2.2071218490600586,424.7862055301666,607481,uri-gpu009,10.100.115.9,424.7862055301666,200,700,0.35000000000000003,32,0.07512125897822718,0.061153748243462945,0.0002214188090951472,3,1,91,600,74967001
0.0020352390129119158,0.0027232461143285036,0.8089308738708496,2.295365810394287,0.0020352390129119158,199,3600,1761436267,checkpoint_000199,True,False,200,bd68da33,2025-10-25_23-51-07,2.2759041786193848,457.5895719528198,608778,uri-gpu009,10.100.115.9,457.5895719528198,200,1400,0.1,64,0.016353190554889485,0.3673883305724259,0.006128972399315077,5,2,83,900,bd68da33
0.03674054890871048,0.0657084584236145,0.8068252205848694,3.831270694732666,0.03674054890871048,199,14400,1761437066,checkpoint_000199,True,False,200,31f0ba43,2025-10-26_00-04-27,4.493963241577148,828.7098231315613,657287,uri-gpu009,10.100.115.9,828.7098231315613,200,1700,0.0,16,0.02222172040491314,0.021946359317642338,0.0003197990830689793,6,2,48,1300,31f0ba43
0.4174479842185974,0.41247841715812683,0.8078132271766663,0.5644996166229248,0.4174479842185974,197,990,1761437087,checkpoint_000197,True,False,198,0ee7a835,2025-10-26_00-04-47,3.508228302001953,799.7545802593231,661372,uri-gpu009,10.100.115.9,799.7545802593231,198,2300,0.35000000000000003,256,0.042169726361395536,0.13991517772339898,0.0002466137945092889,4,2,64,1400,0ee7a835
0.5103911757469177,0.5020233988761902,0.8199475407600403,0.5137284994125366,0.5103911757469177,6,126,1761437108,checkpoint_000006,True,False,7,7902540f,2025-10-26_00-05-08,2.4695165157318115,26.998852014541626,706443,uri-gpu009,10.100.115.9,26.998852014541626,7,2100,0.0,64,0.8792865174208353,0.06703960197018434,0.005188093658601662,5,2,71,600,7902540f
0.394763320684433,0.39782974123954773,0.8279304504394531,0.5554065704345703,0.394763320684433,34,175,1761437215,checkpoint_000034,True,False,35,3b7f5a91,2025-10-26_00-06-55,2.9437389373779297,112.49273157119751,707435,uri-gpu009,10.100.115.9,112.49273157119751,35,400,0.0,256,0.012697938374386151,0.026938625063762843,0.009600415414503648,5,1,28,1900,3b7f5a91
0.1878570020198822,0.3360961675643921,0.8113772869110107,0.9501502513885498,0.1878570020198822,199,14400,1761437621,checkpoint_000199,True,False,200,548becee,2025-10-26_00-13-41,2.623993158340454,495.2314796447754,708722,uri-gpu009,10.100.115.9,495.2314796447754,200,700,0.05,16,0.03507113101335751,0.031150936131598892,0.000881870950740583,4,2,41,300,548becee
0.00034580781357362866,0.0011881192913278937,0.811354398727417,3.586510419845581,0.00034580781357362866,199,3600,1761437959,checkpoint_000199,True,False,200,6147ea34,2025-10-26_00-19-19,3.354074716567993,719.9320390224457,717324,uri-gpu009,10.100.115.9,719.9320390224457,200,2300,0.0,64,0.012976423029447038,0.19062047380510463,0.005397775403391675,4,1,50,1900,6147ea34
0.00023654536926187575,0.0006016002735123038,0.8058091998100281,5.875977993011475,0.00023654536926187575,199,7200,1761438372,checkpoint_000199,True,False,200,158073eb,2025-10-26_00-26-12,3.2195932865142822,728.0795295238495,754487,uri-gpu009,10.100.115.9,728.0795295238495,200,300,0.0,32,0.3267581227557168,0.2618913912917298,0.0022115033272394305,4,2,30,2200,158073eb
0.327684611082077,0.3456839323043823,0.8133018016815186,0.652121365070343,0.327684611082077,199,1800,1761438426,checkpoint_000199,True,False,200,38db5164,2025-10-26_00-27-06,2.2754404544830322,447.65391969680786,777224,uri-gpu009,10.100.115.9,447.65391969680786,200,600,0.4,128,0.21711506882709483,0.38680438251474486,0.0004910275507234434,4,2,50,1100,38db5164
0.4899953603744507,0.4893173575401306,0.8256640434265137,0.5110039710998535,0.4899953603744507,11,216,1761438445,checkpoint_000011,True,False,12,4b82ba8a,2025-10-26_00-27-25,3.82281494140625,57.17594885826111,810767,uri-gpu009,10.100.115.9,57.17594885826111,12,1400,0.3,64,0.011209522585777905,0.07068523003134888,0.002707486139269477,2,2,3,2300,4b82ba8a
0.007404772099107504,0.005782626569271088,0.7914806008338928,2.366417646408081,0.007404772099107504,199,3600,1761439061,checkpoint_000199,True,False,200,072941dd,2025-10-26_00-37-41,3.169748306274414,617.7410695552826,814530,uri-gpu009,10.100.115.9,617.7410695552826,200,2000,0.2,64,0.6303801815612602,0.4020431849331807,0.0034431959924975364,4,2,86,900,072941dd
0.00625698734074831,0.0027377172373235226,0.7971765995025635,1.8034533262252808,0.00625698734074831,120,4356,1761439086,checkpoint_000120,True,False,121,42342aed,2025-10-26_00-38-06,4.591374397277832,620.6012885570526,815570,uri-gpu009,10.100.115.9,620.6012885570526,121,2300,0.1,32,0.49201634210439465,0.011627283085174672,0.004146096370159047,4,2,38,2000,42342aed
0.5197612643241882,0.5158659815788269,0.8185275793075562,0.5110505223274231,0.5197612643241882,6,35,1761439107,checkpoint_000006,True,False,7,4847a0de,2025-10-26_00-38-28,2.2744054794311523,26.543742895126343,855797,uri-gpu009,10.100.115.9,26.543742895126343,7,1800,0.0,256,0.02248065304529669,0.6402844912019816,0.0006133113864228081,6,2,42,400,4847a0de
0.5295768976211548,0.5123459696769714,0.8092272281646729,0.5564457178115845,0.5295768976211548,12,234,1761439156,checkpoint_000012,True,False,13,8b5244c6,2025-10-26_00-39-16,3.505094051361084,55.65955185890198,856870,uri-gpu009,10.100.115.9,55.65955185890198,13,600,0.0,64,0.12435847096952483,0.1277605906233864,0.0003995619008664398,3,1,19,2300,8b5244c6
0.22312860190868378,0.2270624041557312,0.8081388473510742,0.842973530292511,0.22312860190868378,199,7200,1761439531,checkpoint_000199,True,False,200,b2bcadb2,2025-10-26_00-45-32,1.9890432357788086,407.6046817302704,858000,uri-gpu009,10.100.115.9,407.6046817302704,200,2200,0.4,32,0.015646923793365165,0.05678693896039821,0.002097525369866808,5,1,37,500,b2bcadb2
0.3350217640399933,0.3372953236103058,0.8024393320083618,0.6896260380744934,0.3350217640399933,199,3600,1761439533,checkpoint_000199,True,False,200,d719017e,2025-10-26_00-45-33,1.64894437789917,356.5224697589874,861979,uri-gpu009,10.100.115.9,356.5224697589874,200,500,0.0,64,0.27698392227486124,0.1720704297876481,0.00037539683182145434,4,1,96,600,d719017e
0.5060426592826843,0.49762195348739624,0.8186277151107788,0.5213450193405151,0.5060426592826843,20,105,1761439637,checkpoint_000020,True,False,21,38a96134,2025-10-26_00-47-17,3.5303781032562256,89.88461780548096,911201,uri-gpu009,10.100.115.9,89.88461780548096,21,1400,0.0,256,0.03767812674208911,0.3711812891020289,0.000443240141834771,4,2,10,2000,38a96134
0.4769788086414337,0.48357412219047546,0.82498699426651,0.504769504070282,0.4769788086414337,13,504,1761439612,checkpoint_000013,True,False,14,fad324e4,2025-10-26_00-46-52,3.685513734817505,57.77712321281433,911287,uri-gpu009,10.100.115.9,57.77712321281433,14,2100,0.0,32,0.44832854436499076,0.14290101860287793,0.008942243948162065,6,2,55,1000,fad324e4
0.5067829489707947,0.5133941769599915,0.8209223747253418,0.5133780241012573,0.5067829489707947,5,216,1761439660,checkpoint_000005,True,False,6,2c8eaf1a,2025-10-26_00-47-41,3.2480123043060303,29.839749574661255,915226,uri-gpu009,10.100.115.9,29.839749574661255,6,2100,0.0,32,0.06820138495896282,0.037751703726812434,0.005170171187308108,3,1,11,1800,2c8eaf1a
0.21759654581546783,0.23505441844463348,0.8139996528625488,0.8237268328666687,0.21759654581546783,199,1000,1761440062,checkpoint_000199,True,False,200,61a48dbf,2025-10-26_00-54-22,2.134300947189331,406.5429699420929,916259,uri-gpu009,10.100.115.9,406.5429699420929,200,600,0.15000000000000002,256,0.06607336324355786,0.8406081742227066,0.005595669736458433,3,1,93,500,61a48dbf
0.1582946479320526,0.16637693345546722,0.8228983879089355,1.061202883720398,0.1582946479320526,113,1026,1761440083,checkpoint_000113,True,False,114,6dcbf62f,2025-10-26_00-54-43,3.321460008621216,406.7191617488861,917357,uri-gpu009,10.100.115.9,406.7191617488861,114,1500,0.2,128,0.4823307731469042,0.03899161745429787,0.000889685203838667,5,1,58,2000,6dcbf62f
0.014126081019639969,0.024073606356978416,0.8142083883285522,2.8575022220611572,0.014126081019639969,199,3600,1761440819,checkpoint_000199,True,False,200,88078f45,2025-10-26_01-06-59,3.8323001861572266,734.4313495159149,947485,uri-gpu009,10.100.115.9,734.4313495159149,200,900,0.15000000000000002,64,0.020617943933616777,0.02376605132997447,0.0021177681384471334,5,1,7,1900,88078f45
0.3968183100223541,0.4163688123226166,0.8122876882553101,0.5702768564224243,0.3968183100223541,199,1000,1761441154,checkpoint_000199,True,False,200,03618e02,2025-10-26_01-12-35,4.75825309753418,1047.133159160614,948565,uri-gpu009,10.100.115.9,1047.133159160614,200,1800,0.35000000000000003,256,0.010229952030915476,0.7551338232782625,0.0002843031285297491,3,2,41,2200,03618e02
0.0006630748976022005,0.00012395027442835271,0.8049776554107666,3.5762462615966797,0.0006630748976022005,199,14400,1761441705,checkpoint_000199,True,False,200,369259dc,2025-10-26_01-21-45,3.900418281555176,861.9594905376434,985962,uri-gpu009,10.100.115.9,861.9594905376434,200,2300,0.0,16,0.6563220156038582,0.04525293981105904,0.0006255037625662616,5,2,59,900,369259dc
0.27012795209884644,0.27999070286750793,0.7991999983787537,0.7706225514411926,0.27012795209884644,199,3600,1761441755,checkpoint_000199,True,False,200,39ae39c8,2025-10-26_01-22-35,2.775695562362671,577.0107486248016,1002188,uri-gpu009,10.100.115.9,577.0107486248016,200,1800,0.0,64,0.010506319435427817,0.06518109753209103,0.00044321563823392746,3,2,87,800,39ae39c8
0.4053875803947449,0.4099405109882355,0.8095242977142334,0.5602095723152161,0.4053875803947449,199,3600,1761442228,checkpoint_000199,True,False,200,749931ff,2025-10-26_01-30-28,2.344541311264038,501.34912157058716,1043166,uri-gpu009,10.100.115.9,501.34912157058716,200,1300,0.0,64,0.11501378139544864,0.15721355409273213,0.00014844209921492194,3,2,84,800,749931ff
0.016161983832716942,0.019619831815361977,0.8210623860359192,2.6164767742156982,0.016161983832716942,199,1800,1761442646,checkpoint_000199,True,False,200,273a04f0,2025-10-26_01-37-27,4.428481578826904,871.206268787384,1047007,uri-gpu009,10.100.115.9,871.206268787384,200,2200,0.2,128,0.8884460682405527,0.17223313498593049,0.0007191552824599561,6,1,19,2000,273a04f0
0.2527957558631897,0.25393155217170715,0.8171879649162292,0.7193026542663574,0.2527957558631897,158,795,1761442668,checkpoint_000158,True,False,159,76f8dcc5,2025-10-26_01-37-48,2.326962947845459,419.43776202201843,1081454,uri-gpu009,10.100.115.9,419.43776202201843,159,1300,0.4,256,0.11680412247306278,0.5420693592244334,0.0031103359632101836,4,1,69,1100,76f8dcc5
0.4514814019203186,0.4688771963119507,0.8270527124404907,0.5241541266441345,0.4514814019203186,65,1188,1761442827,checkpoint_000065,True,False,66,10104899,2025-10-26_01-40-27,2.20812726020813,163.33527040481567,1105677,uri-gpu009,10.100.115.9,163.33527040481567,66,800,0.2,64,0.2712352200101254,0.062115646489145894,0.0004182362644762536,4,2,82,1300,10104899
0.4758455753326416,0.4812515079975128,0.8262747526168823,0.5091242790222168,0.4758455753326416,54,990,1761442802,checkpoint_000054,True,False,55,9aa0cabc,2025-10-26_01-40-02,2.3620057106018066,121.38623309135437,1106931,uri-gpu009,10.100.115.9,121.38623309135437,55,1500,0.0,64,0.05542035340736248,0.012717146167328426,0.0003888911056222462,3,1,23,400,9aa0cabc
0.4767725467681885,0.4738381505012512,0.8255309462547302,0.5279974341392517,0.4767725467681885,199,1000,1761443698,checkpoint_000199,True,False,200,d4634b70,2025-10-26_01-54-58,3.9851624965667725,871.9102513790131,1120881,uri-gpu009,10.100.115.9,871.9102513790131,200,1300,0.2,256,0.02908870539848528,0.19140541939049865,0.00015027137020187677,3,1,55,2100,d4634b70
0.0023293467238545418,0.003705445909872651,0.7971408367156982,5.223374366760254,0.0023293467238545418,199,1000,1761443957,checkpoint_000199,True,False,200,738478ec,2025-10-26_01-59-17,4.802164077758789,1109.4168004989624,1122484,uri-gpu009,10.100.115.9,1109.4168004989624,200,1300,0.0,256,0.013828068981940137,0.08869012758676156,0.004783506135960282,4,2,20,2400,738478ec
0.0807381123304367,0.07647475600242615,0.7999968528747559,1.1417350769042969,0.0807381123304367,57,2088,1761443981,checkpoint_000057,True,False,58,d9007d34,2025-10-26_01-59-41,3.5812971591949463,263.41830801963806,1155769,uri-gpu009,10.100.115.9,263.41830801963806,58,1500,0.0,32,0.4166596782694961,0.2617548652730619,0.0057791978323769476,4,2,70,1800,d9007d34
0.5311227440834045,0.5275590419769287,0.8123834133148193,0.559420645236969,0.5311227440834045,12,468,1761444041,checkpoint_000012,True,False,13,c9acdb5e,2025-10-26_02-00-41,4.707000970840454,65.96627473831177,1167404,uri-gpu009,10.100.115.9,65.96627473831177,13,1400,0.1,32,0.0798471603038746,0.22368777656527336,0.00010541749956363284,6,1,26,2100,c9acdb5e
0.13944076001644135,0.1513686329126358,0.8106204867362976,0.981849193572998,0.13944076001644135,199,1800,1761444583,checkpoint_000199,True,False,200,c5ceddbd,2025-10-26_02-09-43,3.174919843673706,582.6617934703827,1168623,uri-gpu009,10.100.115.9,582.6617934703827,200,700,0.3,128,0.517434547072615,0.06577839256489168,0.0012855632895593316,2,2,72,1400,c5ceddbd
0.44175246357917786,0.4264019727706909,0.8205794095993042,0.5452742576599121,0.44175246357917786,199,7200,1761444671,checkpoint_000199,True,False,200,f37721bf,2025-10-26_02-11-11,2.8505544662475586,608.510333776474,1172042,uri-gpu009,10.100.115.9,608.510333776474,200,2100,0.0,32,0.02837069497479074,0.03134453565061461,0.00010007770422185586,3,1,10,1300,f37721bf
0.3596600592136383,0.37150514125823975,0.819425106048584,0.5970305800437927,0.3596600592136383,199,7200,1761445151,checkpoint_000199,True,False,200,63b5b2c6,2025-10-26_02-19-11,2.7047841548919678,547.7247207164764,1214017,uri-gpu009,10.100.115.9,547.7247207164764,200,1700,0.0,32,0.017463948546098416,0.09024916952515599,0.0002259654736559139,2,1,96,1200,63b5b2c6
0.006228545214980841,0.010395489633083344,0.7943872809410095,4.737611770629883,0.006228545214980841,199,3600,1761445241,checkpoint_000199,True,False,200,7d4b267c,2025-10-26_02-20-41,2.6456429958343506,549.8539578914642,1221329,uri-gpu009,10.100.115.9,549.8539578914642,200,300,0.0,64,0.07496238019763413,0.04410104474956476,0.0020197746041541232,3,1,54,1700,7d4b267c
0.04216042160987854,0.04609581455588341,0.8274408578872681,2.233187437057495,0.04216042160987854,199,7200,1761445755,checkpoint_000199,True,False,200,28163501,2025-10-26_02-29-15,3.14664626121521,583.8066072463989,1265384,uri-gpu009,10.100.115.9,583.8066072463989,200,800,0.05,32,0.8400794720187718,0.733538067306635,0.00035283978071675814,4,1,90,1300,28163501
0.22591401636600494,0.23683056235313416,0.8245446681976318,0.9518734812736511,0.22591401636600494,199,7200,1761446167,checkpoint_000199,True,False,200,a5a996cb,2025-10-26_02-36-07,4.715504884719849,902.073483467102,1273135,uri-gpu009,10.100.115.9,902.073483467102,200,1900,0.4,32,0.0318824062813063,0.6855682233668623,0.00025082879212669684,5,1,46,2100,a5a996cb
0.1685260385274887,0.18151159584522247,0.8220593929290771,0.9571253657341003,0.1685260385274887,199,1000,1761446308,checkpoint_000199,True,False,200,4fa42c9b,2025-10-26_02-38-28,2.4026670455932617,533.0723459720612,1310694,uri-gpu009,10.100.115.9,533.0723459720612,200,800,0.3,256,0.10322535652797084,0.028167486088635476,0.0026182210694641467,5,1,30,1200,4fa42c9b
0.19362108409404755,0.20796360075473785,0.8246979713439941,0.8852835297584534,0.19362108409404755,199,1000,1761446763,checkpoint_000199,True,False,200,764a5b6f,2025-10-26_02-46-03,3.004631280899048,575.2298712730408,1336542,uri-gpu009,10.100.115.9,575.2298712730408,200,1300,0.35000000000000003,256,0.21881279384424715,0.0209610716825527,0.0018715786086655672,4,1,75,1200,764a5b6f
7.380001625278965e-05,0.0002519408881198615,0.8000668287277222,4.659660816192627,7.380001625278965e-05,199,7200,1761447561,checkpoint_000199,True,False,200,04522603,2025-10-26_02-59-21,5.933691024780273,1226.3539834022522,1346153,uri-gpu009,10.100.115.9,1226.3539834022522,200,2400,0.0,32,0.17552972578678436,0.7445982569151344,0.00136411245413469,3,2,55,2100,04522603
0.0345509871840477,0.04316085949540138,0.8150005340576172,2.4917142391204834,0.0345509871840477,199,7200,1761447861,checkpoint_000199,True,False,200,236bd888,2025-10-26_03-04-21,4.911146402359009,1070.4429068565369,1370557,uri-gpu009,10.100.115.9,1070.4429068565369,200,2000,0.35000000000000003,32,0.11815621084151694,0.1527307485609497,0.0005947626855763684,5,2,58,1800,236bd888
0.004189597442746162,0.008870202116668224,0.8098011016845703,4.588815689086914,0.004189597442746162,199,3600,1761448330,checkpoint_000199,True,False,200,2731ef7d,2025-10-26_03-12-10,3.2593417167663574,744.2169780731201,1406123,uri-gpu009,10.100.115.9,744.2169780731201,200,1100,0.0,64,0.1522905311652806,0.1932113101590144,0.001329775354021746,6,1,45,1800,2731ef7d
0.2227276712656021,0.2525933086872101,0.8025915622711182,0.8443923592567444,0.2227276712656021,199,7200,1761448671,checkpoint_000199,True,False,200,19ec267a,2025-10-26_03-17-51,4.414368391036987,783.8085091114044,1423300,uri-gpu009,10.100.115.9,783.8085091114044,200,1700,0.0,32,0.0730967989115941,0.06605607672321322,0.00025641612499447146,2,2,77,1500,19ec267a
0.38906070590019226,0.3901148736476898,0.8138936758041382,0.6041051149368286,0.38906070590019226,104,3780,1761448693,checkpoint_000104,True,False,105,863f7670,2025-10-26_03-18-13,2.7484512329101562,344.745685338974,1453908,uri-gpu009,10.100.115.9,344.745685338974,105,1100,0.25,32,0.652744584297665,0.041654197531872675,0.00012286302122987725,4,1,18,1500,863f7670
0.08212307840585709,0.09707453846931458,0.8112615346908569,2.0141515731811523,0.08212307840585709,199,3600,1761449386,checkpoint_000199,True,False,200,a414d1f2,2025-10-26_03-29-46,3.6927664279937744,691.6870200634003,1478548,uri-gpu009,10.100.115.9,691.6870200634003,200,1000,0.15000000000000002,64,0.0264042639584858,0.608943366433319,0.0007560973956678508,4,2,62,1600,a414d1f2
0.25549715757369995,0.26909804344177246,0.8015283942222595,0.9229485988616943,0.25549715757369995,199,1000,1761449843,checkpoint_000199,True,False,200,8e4f57e4,2025-10-26_03-37-23,5.4370105266571045,1125.7856831550598,1479993,uri-gpu009,10.100.115.9,1125.7856831550598,200,1400,0.0,256,0.10200922431591174,0.0254424784122926,0.000447464712308428,5,2,58,2400,8e4f57e4
0.09880837053060532,0.09868323057889938,0.8139677047729492,1.1981877088546753,0.09880837053060532,199,1000,1761450310,checkpoint_000199,True,False,200,18942adf,2025-10-26_03-45-10,5.044100046157837,897.6692616939545,1516077,uri-gpu009,10.100.115.9,897.6692616939545,200,900,0.4,256,0.17396232482570775,0.012306996711338766,0.006432556639945765,5,1,61,2100,18942adf
0.4568960964679718,0.45817095041275024,0.8266159296035767,0.517633855342865,0.4568960964679718,199,1000,1761450904,checkpoint_000199,True,False,200,6756231e,2025-10-26_03-55-04,5.488955736160278,1032.1037306785583,1532926,uri-gpu009,10.100.115.9,1032.1037306785583,200,1700,0.15000000000000002,256,0.014773803572345931,0.031202977852662125,0.00017497210190879314,2,2,86,2100,6756231e
0.3342808187007904,0.34896320104599,0.7978318929672241,0.6713802814483643,0.3342808187007904,199,1800,1761451199,checkpoint_000199,True,False,200,62cabcd6,2025-10-26_03-59-59,3.8026084899902344,861.2098624706268,1550989,uri-gpu009,10.100.115.9,861.2098624706268,200,1300,0.0,128,0.01122956502079876,0.012762550760513166,0.00030830623681664057,3,2,93,1900,62cabcd6
0.001316191628575325,0.0018341988325119019,0.8149096965789795,4.363307952880859,0.001316191628575325,199,1800,1761451562,checkpoint_000199,True,False,200,cde1928d,2025-10-26_04-06-02,2.8541152477264404,632.5850193500519,1575207,uri-gpu009,10.100.115.9,632.5850193500519,200,1900,0.0,128,0.03215661638711868,0.014344961501402383,0.00481176342405285,5,1,40,1400,cde1928d
0.4665796756744385,0.4686060845851898,0.8262754082679749,0.5322834849357605,0.4665796756744385,199,1800,1761451968,checkpoint_000199,True,False,200,49aa04dc,2025-10-26_04-12-48,3.753061056137085,743.8896136283875,1591794,uri-gpu009,10.100.115.9,743.8896136283875,200,1300,0.0,128,0.021920084786728584,0.010319641073669977,0.00011381583294454103,3,1,86,1900,49aa04dc
0.20074281096458435,0.20849163830280304,0.8155348300933838,0.8494523167610168,0.20074281096458435,146,2646,1761451992,checkpoint_000146,True,False,147,9f870a45,2025-10-26_04-13-12,2.377382516860962,405.54103541374207,1613134,uri-gpu009,10.100.115.9,405.54103541374207,147,1700,0.35000000000000003,64,0.03306437356352013,0.019050778553260053,0.003344572450672105,6,2,14,500,9f870a45
0.16183771193027496,0.17683520913124084,0.8118250370025635,1.145902156829834,0.16183771193027496,199,1000,1761452747,checkpoint_000199,True,False,200,36fd4ddc,2025-10-26_04-25-47,3.8377671241760254,754.7856903076172,1641932,uri-gpu009,10.100.115.9,754.7856903076172,200,1500,0.05,256,0.08376915722137084,0.04638783223350383,0.0010573376044838163,4,1,58,1800,36fd4ddc
0.5458471179008484,0.5311543345451355,0.8130684494972229,0.5445229411125183,0.5458471179008484,18,171,1761452058,checkpoint_000018,True,False,19,dc5db4fb,2025-10-26_04-14-18,2.3844776153564453,53.917882442474365,1643447,uri-gpu009,10.100.115.9,53.917882442474365,19,1900,0.15000000000000002,128,0.043294677319195445,0.3228620953211295,0.0001064067843405875,6,1,83,600,dc5db4fb
0.02100694552063942,0.007117182947695255,0.8023526668548584,1.727635145187378,0.02100694552063942,199,7200,1761452998,checkpoint_000199,True,False,200,3022f3dd,2025-10-26_04-29-58,5.285350322723389,917.2629632949829,1647529,uri-gpu009,10.100.115.9,917.2629632949829,200,1200,0.2,32,0.14478575048472495,0.06955614783386216,0.005257680697842348,5,2,16,1900,3022f3dd
0.012499109841883183,0.04351865500211716,0.7967126369476318,1.877970576286316,0.012499109841883183,199,14400,1761453555,checkpoint_000199,True,False,200,c391d4a2,2025-10-26_04-39-15,4.384688854217529,782.7509806156158,1683704,uri-gpu009,10.100.115.9,782.7509806156158,200,1200,0.2,16,0.03284708391112031,0.031148688982649612,0.006135938496120416,4,2,86,1400,c391d4a2
5.7641595049062744e-05,2.0688853510364424e-06,0.8070572018623352,3.628126382827759,5.7641595049062744e-05,199,14400,1761453817,checkpoint_000199,True,False,200,a2d515f5,2025-10-26_04-43-37,4.219455003738403,795.2360661029816,1699480,uri-gpu009,10.100.115.9,795.2360661029816,200,1400,0.0,16,0.37712409393715385,0.5119375009287981,0.004011120384804886,6,1,79,1600,a2d515f5
0.15458497405052185,0.15381810069084167,0.8067167401313782,0.9431076049804688,0.15458497405052185,199,3600,1761454093,checkpoint_000199,True,False,200,7ce64870,2025-10-26_04-48-13,2.502445936203003,513.8390250205994,1738463,uri-gpu009,10.100.115.9,513.8390250205994,200,1800,0.35000000000000003,64,0.01790233746512545,0.04949154653017048,0.006049485537108195,4,2,33,500,7ce64870
0.4326886236667633,0.4258270561695099,0.8283730745315552,0.5331016778945923,0.4326886236667633,199,7200,1761454268,checkpoint_000199,True,False,200,0519ca20,2025-10-26_04-51-08,2.0991735458374023,431.1702859401703,1758860,uri-gpu009,10.100.115.9,431.1702859401703,200,400,0.05,32,0.7082915142620525,0.0165178785616197,0.0001882727085530916,2,1,75,600,0519ca20
0.35603490471839905,0.41461843252182007,0.809638261795044,0.6256977915763855,0.35603490471839905,199,14400,1761454691,checkpoint_000199,True,False,200,60e3a670,2025-10-26_04-58-11,2.7552030086517334,576.9299554824829,1788214,uri-gpu009,10.100.115.9,576.9299554824829,200,1300,0.3,16,0.06268110483684347,0.01863488288846343,0.00022912132616922492,3,1,65,800,60e3a670
0.00022821548918727785,0.0015441370196640491,0.8170112371444702,3.3559746742248535,0.00022821548918727785,165,11952,1761455226,checkpoint_000165,True,False,166,6278f9a9,2025-10-26_05-07-06,5.822031736373901,934.1836359500885,1807136,uri-gpu009,10.100.115.9,934.1836359500885,166,1700,0.0,16,0.6825826346577291,0.013709402694797413,0.002001709133228716,6,1,35,2300,6278f9a9
0.01635795459151268,0.018511412665247917,0.8159366250038147,2.882338762283325,0.01635795459151268,182,1647,1761455273,checkpoint_000182,True,False,183,5dbc7414,2025-10-26_05-07-54,2.574347734451294,558.0141179561615,1837904,uri-gpu009,10.100.115.9,558.0141179561615,183,1200,0.05,128,0.07792828495251047,0.08020700823216353,0.0015021663270642295,6,1,62,1400,5dbc7414
0.00017735928122419864,0.00026453405735082924,0.8129791617393494,3.6457951068878174,0.00017735928122419864,199,1800,1761456208,checkpoint_000199,True,False,200,fe2f5d75,2025-10-26_05-23-29,3.9827473163604736,936.5637350082397,1868431,uri-gpu009,10.100.115.9,936.5637350082397,200,1700,0.0,128,0.011272606277111049,0.019507863683972303,0.005282500236906916,4,2,70,1900,fe2f5d75
0.0017372943693771958,0.0027465634047985077,0.8203494548797607,5.025720596313477,0.0017372943693771958,199,1000,1761456248,checkpoint_000199,True,False,200,2917f7ee,2025-10-26_05-24-08,3.7878499031066895,940.6690783500671,1870432,uri-gpu009,10.100.115.9,940.6690783500671,200,500,0.0,256,0.7569983525234623,0.09495457197457388,0.003868604013152203,4,1,78,2200,2917f7ee
0.00018575431022327393,3.955003558075987e-05,0.7957770824432373,5.171424388885498,0.00018575431022327393,150,5436,1761456760,checkpoint_000150,True,False,151,f6944109,2025-10-26_05-32-40,3.246410846710205,520.1371488571167,1909163,uri-gpu009,10.100.115.9,520.1371488571167,151,2100,0.0,32,0.035970291450687406,0.2821927669734689,0.001860791133393327,3,2,36,1000,f6944109
0.04399828985333443,0.05966945365071297,0.8180100917816162,2.535611152648926,0.04399828985333443,199,7200,1761456737,checkpoint_000199,True,False,200,4b56d1c6,2025-10-26_05-32-17,2.1586263179779053,469.1741921901703,1910461,uri-gpu009,10.100.115.9,469.1741921901703,200,1800,0.0,32,0.5868908246897637,0.017927686255797947,0.0009039753359559577,6,1,62,300,4b56d1c6
0.5593953728675842,0.5395054817199707,0.8107104897499084,0.5499112606048584,0.5593953728675842,3,72,1761456780,checkpoint_000003,True,False,4,d15b17fa,2025-10-26_05-33-00,4.116971731185913,26.584140062332153,1955969,uri-gpu009,10.100.115.9,26.584140062332153,4,1200,0.35000000000000003,64,0.04236253280353537,0.19990666704028756,0.0003283258870180838,6,2,65,2100,d15b17fa
2.0759893232025206e-05,5.572287136601517e-06,0.814954400062561,3.341782569885254,2.0759893232025206e-05,199,14400,1761457446,checkpoint_000199,True,False,200,34582580,2025-10-26_05-44-07,3.1728177070617676,667.1553692817688,1957302,uri-gpu009,10.100.115.9,667.1553692817688,200,500,0.0,16,0.2053909903258264,0.0712418263732021,0.008783466352505372,4,1,60,1300,34582580
0.5118401646614075,0.510913074016571,0.8212350010871887,0.5274733304977417,0.5118401646614075,30,558,1761456884,checkpoint_000030,True,False,31,fa34b207,2025-10-26_05-34-44,2.390204668045044,87.58539915084839,1958292,uri-gpu009,10.100.115.9,87.58539915084839,31,300,0.25,64,0.2967109820315636,0.020749475387583875,0.00041953718678613446,3,1,33,1300,fa34b207
0.2521355450153351,0.24439232051372528,0.8155308961868286,0.78730309009552,0.2521355450153351,168,845,1761457473,checkpoint_000168,True,False,169,e1d2484c,2025-10-26_05-44-34,3.2087695598602295,567.1858699321747,1967045,uri-gpu009,10.100.115.9,567.1858699321747,169,1500,0.2,256,0.4125961443108505,0.3951023246833332,0.0006513156924823242,5,2,23,1300,e1d2484c
0.38130179047584534,0.39213359355926514,0.8113410472869873,0.5781046152114868,0.38130179047584534,199,1800,1761457900,checkpoint_000199,True,False,200,300bb348,2025-10-26_05-51-40,1.9982891082763672,431.99611377716064,2005711,uri-gpu009,10.100.115.9,431.99611377716064,200,400,0.4,128,0.013604979809202312,0.32107517800015706,0.0013094559816979822,3,1,27,600,300bb348
0.2938937246799469,0.3081398606300354,0.8245556950569153,0.708869993686676,0.2938937246799469,199,1000,1761458486,checkpoint_000199,True,False,200,412d4798,2025-10-26_06-01-26,5.6026222705841064,991.1480534076691,2006809,uri-gpu009,10.100.115.9,991.1480534076691,200,600,0.25,256,0.048339542457797445,0.2595699529776189,0.009488335244249118,4,2,3,2400,412d4798
0.000324240856571123,0.0006446706829592586,0.7979694604873657,6.5448994636535645,0.000324240856571123,199,1000,1761459099,checkpoint_000199,True,False,200,cc3265ad,2025-10-26_06-11-39,4.89669394493103,1170.8293948173523,2036023,uri-gpu009,10.100.115.9,1170.8293948173523,200,1600,0.0,256,0.4187723498533899,0.12927879732220365,0.0028747863926591784,4,2,22,2300,cc3265ad
0.17096033692359924,0.18356581032276154,0.7867832183837891,1.3846473693847656,0.17096033692359924,199,1000,1761459455,checkpoint_000199,True,False,200,e0fdea03,2025-10-26_06-17-35,5.3366992473602295,941.4773926734924,2055681,uri-gpu009,10.100.115.9,941.4773926734924,200,300,0.0,256,0.312697098422398,0.9867710636809495,0.008007586658197357,4,2,16,2300,e0fdea03
0.04582665115594864,0.03504416346549988,0.7806195020675659,1.6178263425827026,0.04582665115594864,199,7200,1761460195,checkpoint_000199,True,False,200,980a23ed,2025-10-26_06-29-55,5.567258596420288,1068.3287723064423,2077373,uri-gpu009,10.100.115.9,1068.3287723064423,200,1000,0.1,32,0.9932464384218309,0.10744758117872462,0.003833325875702958,5,2,8,2300,980a23ed
0.0003093272098340094,0.0005532390787266195,0.8013825416564941,5.3030924797058105,0.0003093272098340094,199,1000,1761460600,checkpoint_000199,True,False,200,38a3d973,2025-10-26_06-36-40,5.218587875366211,1116.001371383667,2092878,uri-gpu009,10.100.115.9,1116.001371383667,200,1500,0.0,256,0.41120314516466844,0.1140303149050144,0.0030203483392370885,4,2,36,2300,38a3d973
0.0022436734288930893,0.00013735062384512275,0.794835090637207,2.068289041519165,0.0022436734288930893,199,14400,1761461447,checkpoint_000199,True,False,200,02f405a3,2025-10-26_06-50-48,5.611965656280518,1224.4024946689606,2123547,uri-gpu009,10.100.115.9,1224.4024946689606,200,1500,0.0,16,0.44710413044099756,0.24293644749457763,0.002528653077242446,4,2,24,2200,02f405a3
0.00010517714690649882,0.0002137550909537822,0.8060216903686523,2.9211549758911133,0.00010517714690649882,199,7200,1761461914,checkpoint_000199,True,False,200,a7737781,2025-10-26_06-58-34,6.947286605834961,1285.6015038490295,2138962,uri-gpu009,10.100.115.9,1285.6015038490295,200,2400,0.0,32,0.2780409990426738,0.1282948296288082,0.0016707934234271753,6,2,2,2000,a7737781
0.22280381619930267,0.20802117884159088,0.8039348125457764,0.9663012623786926,0.22280381619930267,69,350,1761461939,checkpoint_000069,True,False,70,7212d14b,2025-10-26_06-58-59,5.47606086730957,470.49411392211914,2175855,uri-gpu009,10.100.115.9,470.49411392211914,70,2200,0.0,256,0.3420162291979274,0.3476295787496218,0.0023753701588153575,5,2,12,2200,7212d14b
0.5130849480628967,0.5294254422187805,0.8204443454742432,0.5086103081703186,0.5130849480628967,5,216,1761461964,checkpoint_000005,True,False,6,0467203b,2025-10-26_06-59-24,3.406428575515747,31.97570252418518,2191454,uri-gpu009,10.100.115.9,31.97570252418518,6,2000,0.0,32,0.5029053244625559,0.5076356847180296,0.0016614839237599419,3,2,23,1100,0467203b
0.03410717099905014,0.04160747677087784,0.8097251057624817,1.8148250579833984,0.03410717099905014,199,1000,1761462922,checkpoint_000199,True,False,200,4090e103,2025-10-26_07-15-22,5.565360069274902,956.2396750450134,2192365,uri-gpu009,10.100.115.9,956.2396750450134,200,1600,0.25,256,0.2501508992222824,0.23076378897913216,0.003550763534553481,5,2,32,1700,4090e103
0.002108540153130889,0.0018489344511181116,0.8169851899147034,3.141613721847534,0.002108540153130889,148,745,1761462944,checkpoint_000148,True,False,149,b31c2275,2025-10-26_07-15-44,5.348151206970215,957.1024334430695,2193527,uri-gpu009,10.100.115.9,957.1024334430695,149,2100,0.0,256,0.7425655281014538,0.35050362531010676,0.007417031754095121,5,2,11,2200,b31c2275
5.140283246873878e-05,0.00016907078679651022,0.8055144548416138,4.917875289916992,5.140283246873878e-05,199,7200,1761463651,checkpoint_000199,True,False,200,546f15dd,2025-10-26_07-27-32,3.4081871509552,706.3213937282562,2226088,uri-gpu009,10.100.115.9,706.3213937282562,200,1600,0.0,32,0.33777216091042067,0.46254736266918595,0.0015683127662832138,3,2,23,1100,546f15dd
2.6771773264044896e-05,7.599255332024768e-05,0.8035000562667847,4.8330159187316895,2.6771773264044896e-05,199,7200,1761464248,checkpoint_000199,True,False,200,37a21ad1,2025-10-26_07-37-29,7.087655782699585,1277.945909500122,2226922,uri-gpu009,10.100.115.9,1277.945909500122,200,2300,0.0,32,0.044428480221710344,0.3040625818783557,0.0030804197133479615,4,2,49,2000,37a21ad1
0.03780195116996765,0.0397002212703228,0.8042929172515869,1.9781873226165771,0.03780195116996765,87,440,1761464269,checkpoint_000087,True,False,88,52e70f14,2025-10-26_07-37-49,5.420182228088379,597.329612493515,2268088,uri-gpu009,10.100.115.9,597.329612493515,88,2200,0.0,256,0.48307974761071404,0.08160482674106943,0.0023079881644105663,5,2,12,2200,52e70f14
0.5325036644935608,0.5500844120979309,0.815118670463562,0.5231942534446716,0.5325036644935608,2,54,1761464288,checkpoint_000002,True,False,3,d2f8c55a,2025-10-26_07-38-08,5.191422939300537,23.893517017364502,2287961,uri-gpu009,10.100.115.9,23.893517017364502,3,2100,0.1,64,0.5519148926634951,0.3991188265556543,0.0010625727848506568,3,2,44,2200,d2f8c55a
0.27948907017707825,0.2930647134780884,0.8091104030609131,0.7260910868644714,0.27948907017707825,199,1000,1761464941,checkpoint_000199,True,False,200,59a51792,2025-10-26_07-49-01,3.137204647064209,650.5724856853485,2288813,uri-gpu009,10.100.115.9,650.5724856853485,200,800,0.0,256,0.6970152233100781,0.13641791362994454,0.0005363323733116885,2,2,29,1700,59a51792
0.0012366118608042598,0.0020620115101337433,0.8042548298835754,6.093390464782715,0.0012366118608042598,199,1000,1761464961,checkpoint_000199,True,False,200,8ccf8a6c,2025-10-26_07-49-21,3.024022340774536,651.2511796951294,2289603,uri-gpu009,10.100.115.9,651.2511796951294,200,2000,0.0,256,0.46645718071595,0.0842054511584017,0.002474594694856542,5,2,11,1000,8ccf8a6c
0.011004811152815819,0.006342456676065922,0.8047419786453247,1.779119610786438,0.011004811152815819,199,3600,1761466205,checkpoint_000199,True,False,200,cbe3af40,2025-10-26_08-10-05,5.728548049926758,1238.376342535019,2326625,uri-gpu009,10.100.115.9,1238.376342535019,200,2200,0.1,64,0.5726094981454448,0.03907479297788134,0.007101166297639298,3,2,15,2200,cbe3af40
0.04580415412783623,0.05691191554069519,0.8020287752151489,1.6436346769332886,0.04580415412783623,199,14400,1761466213,checkpoint_000199,True,False,200,f438fae6,2025-10-26_08-10-13,4.945139646530151,1230.7185733318329,2327489,uri-gpu009,10.100.115.9,1230.7185733318329,200,1100,0.0,16,0.7936003357920315,0.367028032356721,0.0010366994286944325,4,2,38,2300,f438fae6
0.005372123327106237,0.006253139581531286,0.7982082366943359,3.4191079139709473,0.005372123327106237,199,1000,1761466904,checkpoint_000199,True,False,200,487f36b0,2025-10-26_08-21-44,3.4318552017211914,676.0555765628815,2380336,uri-gpu009,10.100.115.9,676.0555765628815,200,2100,0.0,256,0.4652625758165012,0.07952199993866207,0.0025815545652697505,6,2,12,1000,487f36b0
0.0009719565277919173,0.0019118814961984754,0.796484112739563,4.849236488342285,0.0009719565277919173,199,1000,1761466912,checkpoint_000199,True,False,200,b50da57b,2025-10-26_08-21-52,3.085458517074585,676.7288017272949,2380572,uri-gpu009,10.100.115.9,676.7288017272949,200,2000,0.0,256,0.12565222121791397,0.09437639354820196,0.004362300181377254,5,2,6,1000,b50da57b
0.0008526128949597478,0.0014422874664887786,0.7997915744781494,4.176804542541504,0.0008526128949597478,199,1000,1761467436,checkpoint_000199,True,False,200,4299ba0a,2025-10-26_08-30-36,2.463024377822876,508.25051712989807,2418277,uri-gpu009,10.100.115.9,508.25051712989807,200,1900,0.0,256,0.9856423924420717,0.17480806501810695,0.0022899611355234983,5,2,20,700,4299ba0a
